timestamp,printstream,blaze,cobalt,hypnotic,kumicho
2025-04-03 16:53:00,115.12,845.31,85.8,101.96,38.01
2025-04-03 16:58:00,114.48,848.68,85.67,103.6,38.11
2025-04-03 17:03:00,115.27,848.92,86.0,104.42,37.24
2025-04-03 17:08:00,116.14,850.54,85.72,105.41,37.67
2025-04-03 17:13:00,114.39,857.3,86.82,103.72,37.25
2025-04-03 17:18:00,114.39,846.37,84.4,102.33,36.49
2025-04-03 17:23:00,116.2,843.26,84.97,104.83,36.95
2025-04-03 17:28:00,115.39,840.35,84.95,103.57,37.23
2025-04-03 17:33:00,114.15,843.6,86.97,103.02,36.93
2025-04-03 17:38:00,115.16,847.08,87.73,103.59,37.05
2025-04-03 17:43:00,114.16,856.22,85.92,104.03,37.11
2025-04-03 17:48:00,114.15,844.66,85.85,103.61,37.12
2025-04-03 17:53:00,114.86,848.37,86.09,102.0,37.19
2025-04-03 17:58:00,112.71,847.17,87.18,105.11,36.63
2025-04-03 18:03:00,112.9,853.19,85.09,105.48,36.8
2025-04-03 18:08:00,114.06,859.88,86.26,104.86,36.52
2025-04-03 18:13:00,113.61,844.6,87.0,103.07,37.65
2025-04-03 18:18:00,114.93,844.8,86.52,104.01,36.11
2025-04-03 18:23:00,113.71,852.47,86.21,104.2,37.74
2025-04-03 18:28:00,113.21,850.66,87.02,104.81,37.85
2025-04-03 18:33:00,116.09,856.48,83.32,104.88,37.01
2025-04-03 18:38:00,114.39,850.17,86.7,103.48,35.86
2025-04-03 18:43:00,114.69,845.45,85.37,104.29,36.98
2025-04-03 18:48:00,113.2,850.2,84.19,104.67,37.13
2025-04-03 18:53:00,114.08,852.79,86.53,105.67,36.65
2025-04-03 18:58:00,114.73,851.35,87.39,104.91,36.9
2025-04-03 19:03:00,113.47,849.79,85.88,105.0,37.93
2025-04-03 19:08:00,115.0,852.58,86.97,104.29,37.49
2025-04-03 19:13:00,114.02,853.1,87.63,105.62,36.7
2025-04-03 19:18:00,114.33,854.16,87.33,104.62,36.36
2025-04-03 19:23:00,114.02,850.49,87.66,103.35,37.0
2025-04-03 19:28:00,116.47,846.41,86.76,105.61,37.05
2025-04-03 19:33:00,114.61,847.98,86.1,104.91,37.41
2025-04-03 19:38:00,113.56,853.28,84.42,103.77,36.89
2025-04-03 19:43:00,115.44,843.17,85.77,103.73,37.42
2025-04-03 19:48:00,113.4,849.09,85.18,104.51,38.13
2025-04-03 19:53:00,114.83,845.28,88.19,104.67,37.57
2025-04-03 19:58:00,112.66,847.39,85.84,104.41,37.14
2025-04-03 20:03:00,113.29,853.64,86.14,104.52,37.07
2025-04-03 20:08:00,114.82,848.21,86.57,105.91,36.98
2025-04-03 20:13:00,115.36,847.48,86.06,105.28,37.75
2025-04-03 20:18:00,114.79,840.45,87.72,104.4,36.85
2025-04-03 20:23:00,114.5,850.98,85.4,105.15,37.18
2025-04-03 20:28:00,114.32,850.48,86.21,103.18,37.19
2025-04-03 20:33:00,113.14,858.07,85.28,104.61,36.91
2025-04-03 20:38:00,113.9,845.71,84.7,106.02,36.47
2025-04-03 20:43:00,114.16,848.35,85.41,103.99,37.32
2025-04-03 20:48:00,115.68,848.5,85.98,103.36,37.13
2025-04-03 20:53:00,114.96,855.14,85.59,103.56,37.41
2025-04-03 20:58:00,112.86,846.77,85.33,103.12,36.89
2025-04-03 21:03:00,114.94,848.65,84.61,103.43,37.77
2025-04-03 21:08:00,114.23,850.29,85.94,103.84,36.72
2025-04-03 21:13:00,113.94,848.18,84.52,102.8,38.02
2025-04-03 21:18:00,115.23,845.02,86.78,104.23,36.29
2025-04-03 21:23:00,115.65,848.22,86.1,105.11,37.38
2025-04-03 21:28:00,115.55,852.62,84.56,103.3,37.4
2025-04-03 21:33:00,113.78,842.12,85.71,105.73,36.76
2025-04-03 21:38:00,114.31,847.91,85.27,104.72,37.37
2025-04-03 21:43:00,114.95,843.75,86.34,105.24,37.8
2025-04-03 21:48:00,115.6,853.23,87.36,103.55,36.05
2025-04-03 21:53:00,114.14,839.63,84.14,105.06,37.41
2025-04-03 21:58:00,114.43,844.46,86.14,103.12,35.91
2025-04-03 22:03:00,113.51,849.14,85.86,105.1,36.68
2025-04-03 22:08:00,113.42,855.08,86.69,104.38,37.97
2025-04-03 22:13:00,115.43,846.92,86.23,104.76,36.87
2025-04-03 22:18:00,115.98,844.47,85.27,103.03,36.57
2025-04-03 22:23:00,114.55,856.66,85.7,103.31,37.06
2025-04-03 22:28:00,115.62,840.01,85.22,104.81,38.19
2025-04-03 22:33:00,114.98,836.26,87.1,103.26,36.24
2025-04-03 22:38:00,113.97,849.45,86.04,104.67,36.63
2025-04-03 22:43:00,114.98,844.74,87.92,102.84,37.91
2025-04-03 22:48:00,116.16,842.14,85.96,105.06,38.09
2025-04-03 22:53:00,114.58,850.79,85.31,102.98,37.11
2025-04-03 22:58:00,116.18,848.47,84.51,104.76,36.54
2025-04-03 23:03:00,112.0,844.43,84.22,104.84,38.21
2025-04-03 23:08:00,115.44,840.85,84.44,103.51,37.96
2025-04-03 23:13:00,114.71,851.61,86.29,104.79,37.5
2025-04-03 23:18:00,114.32,850.5,86.53,104.47,36.75
2025-04-03 23:23:00,114.71,846.75,84.44,103.67,37.14
2025-04-03 23:28:00,112.63,856.48,86.92,103.2,37.08
2025-04-03 23:33:00,114.4,841.9,85.54,102.25,37.33
2025-04-03 23:38:00,114.98,839.62,86.17,104.56,37.89
2025-04-03 23:43:00,116.1,843.79,87.63,102.65,37.6
2025-04-03 23:48:00,114.1,847.02,86.92,104.31,36.62
2025-04-03 23:53:00,113.81,848.47,85.75,103.95,37.85
2025-04-03 23:58:00,114.12,846.04,85.13,104.89,37.32
2025-04-04 00:03:00,115.54,849.01,83.87,103.91,37.5
2025-04-04 00:08:00,114.95,840.99,85.3,103.88,37.89
2025-04-04 00:13:00,114.09,854.47,85.81,104.94,36.6
2025-04-04 00:18:00,115.13,846.84,85.03,104.55,37.14
2025-04-04 00:23:00,114.72,852.84,85.89,104.53,36.89
2025-04-04 00:28:00,115.59,848.96,86.1,104.68,36.38
2025-04-04 00:33:00,113.92,849.53,85.8,102.67,37.33
2025-04-04 00:38:00,114.29,850.1,85.37,104.97,38.42
2025-04-04 00:43:00,114.23,849.49,86.19,104.82,36.24
2025-04-04 00:48:00,113.16,850.46,86.46,103.19,37.14
2025-04-04 00:53:00,114.92,853.9,84.93,103.97,37.48
2025-04-04 00:58:00,114.88,848.23,87.43,104.17,37.22
2025-04-04 01:03:00,114.63,850.8,85.92,104.08,37.1
2025-04-04 01:08:00,114.39,846.8,86.04,104.54,36.51
2025-04-04 01:13:00,113.2,854.45,86.73,105.64,37.28
2025-04-04 01:18:00,114.2,843.87,86.25,105.29,36.78
2025-04-04 01:23:00,114.28,856.25,86.97,102.9,36.07
2025-04-04 01:28:00,113.82,847.05,86.31,104.83,37.76
2025-04-04 01:33:00,114.46,840.1,85.41,105.54,37.64
2025-04-04 01:38:00,115.02,847.89,86.38,104.6,37.19
2025-04-04 01:43:00,116.51,843.84,84.88,105.3,37.27
2025-04-04 01:48:00,114.79,851.45,86.13,106.22,37.7
2025-04-04 01:53:00,114.88,843.99,85.99,105.23,37.27
2025-04-04 01:58:00,114.55,845.02,85.81,104.46,37.61
2025-04-04 02:03:00,112.7,837.8,85.89,105.26,37.01
2025-04-04 02:08:00,114.59,844.99,84.14,104.35,37.82
2025-04-04 02:13:00,114.68,835.13,85.47,104.23,37.32
2025-04-04 02:18:00,117.08,839.33,86.11,103.86,37.26
2025-04-04 02:23:00,114.43,851.05,86.18,105.77,36.52
2025-04-04 02:28:00,114.92,851.18,84.99,103.39,37.3
2025-04-04 02:33:00,114.59,849.38,87.29,105.74,36.74
2025-04-04 02:38:00,113.45,842.42,85.15,104.71,36.84
2025-04-04 02:43:00,115.76,847.01,86.99,102.81,36.75
2025-04-04 02:48:00,115.37,847.23,86.45,104.58,36.63
2025-04-04 02:53:00,115.41,841.46,85.37,102.11,38.22
2025-04-04 02:58:00,113.71,854.77,87.8,104.84,37.83
2025-04-04 03:03:00,116.02,851.64,84.83,105.1,38.12
2025-04-04 03:08:00,113.22,846.15,86.94,103.62,36.55
2025-04-04 03:13:00,115.21,847.38,87.02,104.33,37.2
2025-04-04 03:18:00,116.81,848.29,85.35,106.16,36.51
2025-04-04 03:23:00,113.63,837.04,87.41,103.7,36.81
2025-04-04 03:28:00,114.05,846.01,85.77,103.15,36.7
2025-04-04 03:33:00,114.72,843.84,86.31,105.69,37.78
2025-04-04 03:38:00,114.12,842.24,86.28,106.17,36.96
2025-04-04 03:43:00,113.07,845.84,85.89,104.21,37.69
2025-04-04 03:48:00,114.69,856.24,86.83,105.22,37.46
2025-04-04 03:53:00,113.56,850.45,86.81,105.55,38.31
2025-04-04 03:58:00,115.09,844.39,84.27,103.47,36.42
2025-04-04 04:03:00,113.7,850.11,87.32,103.72,37.79
2025-04-04 04:08:00,116.17,854.25,84.36,105.44,37.73
2025-04-04 04:13:00,113.84,851.87,87.05,105.9,36.67
2025-04-04 04:18:00,114.3,847.55,87.15,104.77,37.66
2025-04-04 04:23:00,115.43,844.02,84.93,103.33,37.33
2025-04-04 04:28:00,113.39,850.74,85.61,106.2,37.05
2025-04-04 04:33:00,114.85,849.22,84.91,103.68,36.75
2025-04-04 04:38:00,115.93,851.73,85.81,103.87,36.8
2025-04-04 04:43:00,113.01,850.43,85.71,104.55,38.18
2025-04-04 04:48:00,114.8,852.5,86.8,105.76,37.16
2025-04-04 04:53:00,114.88,844.57,87.33,105.06,37.55
2025-04-04 04:58:00,115.4,853.84,87.42,104.62,36.76
2025-04-04 05:03:00,113.38,848.24,85.46,104.67,36.77
2025-04-04 05:08:00,113.3,857.63,85.81,104.25,37.7
2025-04-04 05:13:00,115.14,843.8,84.34,104.77,36.49
2025-04-04 05:18:00,114.92,855.93,85.21,101.68,36.95
2025-04-04 05:23:00,114.87,848.24,86.98,103.91,37.18
2025-04-04 05:28:00,114.97,843.99,87.64,104.45,37.22
2025-04-04 05:33:00,113.94,844.83,84.79,103.06,37.07
2025-04-04 05:38:00,114.85,845.65,85.43,104.6,37.36
2025-04-04 05:43:00,114.91,849.37,85.99,104.01,37.51
2025-04-04 05:48:00,113.91,849.86,86.3,105.97,37.53
2025-04-04 05:53:00,116.49,844.38,85.21,105.78,36.67
2025-04-04 05:58:00,115.09,847.13,86.44,103.74,37.02
2025-04-04 06:03:00,113.43,857.96,85.55,104.06,37.76
2025-04-04 06:08:00,115.28,855.89,86.01,104.14,37.61
2025-04-04 06:13:00,113.65,849.43,86.57,103.76,36.47
2025-04-04 06:18:00,115.41,847.44,86.03,104.41,37.34
2025-04-04 06:23:00,115.78,847.85,85.58,103.45,36.17
2025-04-04 06:28:00,113.8,850.32,85.91,103.08,37.18
2025-04-04 06:33:00,115.58,842.14,85.93,104.83,38.11
2025-04-04 06:38:00,115.03,845.96,85.65,104.84,36.69
2025-04-04 06:43:00,115.44,838.91,85.76,103.41,36.74
2025-04-04 06:48:00,116.52,849.25,87.62,105.11,37.54
2025-04-04 06:53:00,114.37,850.49,86.58,103.58,36.39
2025-04-04 06:58:00,113.87,844.83,85.72,104.46,36.84
2025-04-04 07:03:00,113.73,855.12,86.72,105.03,37.46
2025-04-04 07:08:00,113.8,841.12,85.69,104.18,36.84
2025-04-04 07:13:00,114.54,839.93,87.19,104.66,37.04
2025-04-04 07:18:00,114.96,848.37,86.39,103.69,37.53
2025-04-04 07:23:00,114.9,852.49,85.91,104.01,37.37
2025-04-04 07:28:00,115.45,855.67,86.47,104.0,37.29
2025-04-04 07:33:00,114.63,844.96,84.45,103.46,36.99
2025-04-04 07:38:00,116.07,852.64,84.89,104.03,37.35
2025-04-04 07:43:00,114.36,847.06,84.83,102.66,37.1
2025-04-04 07:48:00,117.34,846.39,86.16,103.72,37.39
2025-04-04 07:53:00,115.25,851.67,87.75,103.93,36.91
2025-04-04 07:58:00,113.76,850.51,88.25,103.95,37.07
2025-04-04 08:03:00,113.55,839.37,86.66,103.97,36.67
2025-04-04 08:08:00,115.1,854.63,86.52,104.15,37.14
2025-04-04 08:13:00,114.4,854.15,84.22,104.69,36.75
2025-04-04 08:18:00,115.33,844.12,85.48,105.08,36.6
2025-04-04 08:23:00,115.09,849.23,85.23,103.56,37.29
2025-04-04 08:28:00,114.55,849.72,85.4,103.01,37.27
2025-04-04 08:33:00,113.77,848.55,85.85,103.17,37.55
2025-04-04 08:38:00,113.11,844.5,85.55,103.72,36.94
2025-04-04 08:43:00,114.17,843.89,84.04,103.86,37.36
2025-04-04 08:48:00,115.48,847.12,86.77,103.44,37.44
2025-04-04 08:53:00,114.83,853.11,84.95,102.91,37.38
2025-04-04 08:58:00,113.37,849.97,86.26,103.75,36.75
2025-04-04 09:03:00,114.79,845.4,88.09,104.39,37.23
2025-04-04 09:08:00,115.01,851.11,85.1,104.81,37.34
2025-04-04 09:13:00,113.74,833.01,83.49,103.65,37.16
2025-04-04 09:18:00,114.77,852.99,85.73,103.8,36.12
2025-04-04 09:23:00,114.68,838.55,87.12,103.28,37.24
2025-04-04 09:28:00,113.48,845.44,87.98,104.18,38.27
2025-04-04 09:33:00,114.98,841.65,84.79,103.36,36.98
2025-04-04 09:38:00,115.18,840.78,86.52,104.78,36.8
2025-04-04 09:43:00,115.7,853.05,85.55,102.42,37.35
2025-04-04 09:48:00,115.67,844.91,85.91,103.85,37.32
2025-04-04 09:53:00,113.24,848.98,88.66,104.51,37.76
2025-04-04 09:58:00,113.68,847.02,84.52,104.39,36.53
2025-04-04 10:03:00,115.14,849.64,86.27,106.9,37.53
2025-04-04 10:08:00,115.13,847.63,86.49,104.56,37.46
2025-04-04 10:13:00,115.14,840.84,87.11,103.21,37.09
2025-04-04 10:18:00,118.47,852.23,86.12,104.11,37.33
2025-04-04 10:23:00,115.19,844.78,86.33,102.43,37.67
2025-04-04 10:28:00,115.76,839.47,85.63,104.13,37.6
2025-04-04 10:33:00,115.57,845.11,86.29,103.38,36.59
2025-04-04 10:38:00,115.27,854.75,85.68,105.13,37.57
2025-04-04 10:43:00,114.3,851.5,86.64,103.66,37.13
2025-04-04 10:48:00,115.38,845.51,85.65,104.09,37.2
2025-04-04 10:53:00,113.85,845.5,86.4,103.57,37.2
2025-04-04 10:58:00,114.38,845.64,85.99,105.95,37.08
2025-04-04 11:03:00,114.13,857.63,87.15,103.89,37.76
2025-04-04 11:08:00,114.7,849.16,85.97,106.04,37.12
2025-04-04 11:13:00,116.93,849.4,84.25,105.02,36.6
2025-04-04 11:18:00,112.75,852.4,87.28,104.69,36.96
2025-04-04 11:23:00,115.31,848.44,85.11,104.58,37.25
2025-04-04 11:28:00,113.01,845.95,85.37,104.6,37.77
2025-04-04 11:33:00,114.15,846.27,85.42,102.28,37.46
2025-04-04 11:38:00,115.71,846.89,87.39,103.93,36.73
2025-04-04 11:43:00,114.68,847.06,83.88,105.06,38.4
2025-04-04 11:48:00,113.54,850.89,89.16,104.16,37.29
2025-04-04 11:53:00,113.9,847.51,87.08,102.8,37.8
2025-04-04 11:58:00,115.3,850.91,86.24,104.16,37.08
2025-04-04 12:03:00,113.89,846.85,85.97,105.91,37.43
2025-04-04 12:08:00,114.84,847.64,86.31,105.46,37.58
2025-04-04 12:13:00,114.67,837.26,86.54,104.15,37.77
2025-04-04 12:18:00,113.97,851.83,86.67,105.16,37.69
2025-04-04 12:23:00,116.76,848.98,86.58,103.84,37.6
2025-04-04 12:28:00,115.25,852.24,86.11,102.51,37.0
2025-04-04 12:33:00,112.59,832.77,85.82,103.29,36.87
2025-04-04 12:38:00,114.81,857.69,85.87,105.77,37.33
2025-04-04 12:43:00,113.96,846.55,85.83,103.94,37.63
2025-04-04 12:48:00,115.47,852.79,87.15,103.97,37.05
2025-04-04 12:53:00,113.83,842.05,86.61,103.91,37.69
2025-04-04 12:58:00,114.51,850.31,83.08,106.11,37.89
2025-04-04 13:03:00,115.12,841.98,86.68,105.84,36.7
2025-04-04 13:08:00,115.49,844.13,86.21,106.43,36.74
2025-04-04 13:13:00,113.42,856.82,86.0,104.05,37.09
2025-04-04 13:18:00,114.29,846.3,85.63,104.51,37.31
2025-04-04 13:23:00,114.15,848.34,87.14,102.69,36.9
2025-04-04 13:28:00,113.97,851.6,86.97,105.69,37.84
2025-04-04 13:33:00,116.39,849.73,85.25,103.04,37.37
2025-04-04 13:38:00,115.02,848.0,86.43,104.43,37.18
2025-04-04 13:43:00,113.36,849.07,85.05,103.11,36.44
2025-04-04 13:48:00,115.54,859.27,84.64,103.62,36.5
2025-04-04 13:53:00,116.74,846.96,85.39,103.37,37.3
2025-04-04 13:58:00,115.65,848.26,86.88,103.6,36.09
2025-04-04 14:03:00,113.1,852.5,86.97,103.67,37.67
2025-04-04 14:08:00,114.14,852.78,86.53,103.66,37.08
2025-04-04 14:13:00,115.89,853.19,86.75,105.04,38.78
2025-04-04 14:18:00,113.91,850.44,86.54,103.11,38.31
2025-04-04 14:23:00,115.06,841.53,85.38,104.43,37.07
2025-04-04 14:28:00,115.39,855.42,86.45,105.43,37.11
2025-04-04 14:33:00,113.69,841.52,86.82,103.7,37.66
2025-04-04 14:38:00,114.56,848.76,86.77,103.49,38.01
2025-04-04 14:43:00,111.38,843.48,87.21,103.98,36.34
2025-04-04 14:48:00,113.6,846.93,86.73,105.39,36.27
2025-04-04 14:53:00,114.37,848.89,86.37,104.4,36.85
2025-04-04 14:58:00,113.37,848.86,87.09,103.68,37.45
2025-04-04 15:03:00,116.25,849.36,85.99,104.69,37.41
2025-04-04 15:08:00,113.19,855.32,85.14,103.11,37.69
2025-04-04 15:13:00,114.18,849.52,85.86,104.89,36.56
2025-04-04 15:18:00,114.75,846.03,85.28,104.62,36.0
2025-04-04 15:23:00,116.06,852.07,85.34,103.9,37.59
2025-04-04 15:28:00,113.18,853.2,85.88,103.37,36.75
2025-04-04 15:33:00,115.78,841.11,85.23,103.32,36.15
2025-04-04 15:38:00,114.63,850.24,85.71,104.74,37.23
2025-04-04 15:43:00,113.64,850.76,84.13,105.44,37.56
2025-04-04 15:48:00,115.08,845.76,86.23,103.57,37.1
2025-04-04 15:53:00,114.82,854.13,86.02,104.67,36.93
2025-04-04 15:58:00,114.02,846.5,85.2,102.12,37.08
2025-04-04 16:03:00,114.69,847.88,86.68,103.63,36.97
2025-04-04 16:08:00,114.23,846.38,86.96,104.18,36.49
2025-04-04 16:13:00,114.73,847.33,84.41,103.3,36.8
2025-04-04 16:18:00,115.28,841.77,85.26,103.27,37.42
2025-04-04 16:23:00,116.21,840.05,85.25,103.54,37.32
2025-04-04 16:28:00,113.38,855.22,85.08,104.5,37.24
2025-04-04 16:33:00,116.75,843.02,86.85,104.02,36.66
2025-04-04 16:38:00,112.67,842.29,85.83,101.97,37.07
2025-04-04 16:43:00,114.47,836.48,85.76,102.09,36.07
2025-04-04 16:48:00,115.21,844.06,84.02,103.6,37.25
2025-04-04 16:53:00,114.9,840.63,86.66,104.67,37.87
2025-04-04 16:58:00,114.0,855.46,84.78,101.46,36.42
2025-04-04 17:03:00,114.41,852.3,86.08,103.71,36.87
2025-04-04 17:08:00,114.13,843.81,86.3,103.68,37.32
2025-04-04 17:13:00,114.03,858.51,87.38,105.6,37.79
2025-04-04 17:18:00,115.47,852.16,84.71,103.82,36.94
2025-04-04 17:23:00,114.98,845.63,83.0,104.59,36.81
2025-04-04 17:28:00,113.93,834.75,86.2,104.35,36.18
2025-04-04 17:33:00,115.52,858.7,87.82,102.08,37.21
2025-04-04 17:38:00,114.93,840.3,87.26,104.98,38.18
2025-04-04 17:43:00,115.43,839.02,86.23,104.43,37.3
2025-04-04 17:48:00,115.25,852.36,85.53,104.72,37.15
2025-04-04 17:53:00,113.79,859.45,86.83,108.14,37.32
2025-04-04 17:58:00,114.06,854.17,85.05,102.13,37.15
2025-04-04 18:03:00,115.37,850.07,86.5,105.93,36.75
2025-04-04 18:08:00,115.23,850.22,86.53,103.92,37.57
2025-04-04 18:13:00,114.6,851.52,87.08,104.5,37.27
2025-04-04 18:18:00,114.74,851.04,88.78,104.16,37.17
2025-04-04 18:23:00,115.9,848.66,86.41,103.79,36.67
2025-04-04 18:28:00,114.03,847.77,85.51,103.64,37.81
2025-04-04 18:33:00,115.17,846.94,85.99,104.54,37.49
2025-04-04 18:38:00,114.42,843.48,84.25,102.69,36.88
2025-04-04 18:43:00,114.4,845.85,85.33,104.96,37.66
2025-04-04 18:48:00,115.72,838.79,85.61,103.79,36.91
2025-04-04 18:53:00,115.45,846.76,85.5,103.08,36.77
2025-04-04 18:58:00,115.43,842.31,86.17,103.76,36.78
2025-04-04 19:03:00,115.93,841.73,85.2,105.47,36.27
2025-04-04 19:08:00,114.64,848.15,87.14,103.67,37.4
2025-04-04 19:13:00,115.3,854.21,86.02,104.57,36.24
2025-04-04 19:18:00,114.31,851.84,86.01,103.48,36.55
2025-04-04 19:23:00,114.94,839.4,85.69,104.97,36.12
2025-04-04 19:28:00,114.49,842.3,86.18,104.9,37.12
2025-04-04 19:33:00,114.72,851.95,86.85,106.06,37.08
2025-04-04 19:38:00,115.22,842.34,85.15,104.03,37.0
2025-04-04 19:43:00,113.8,846.13,85.36,104.88,36.64
2025-04-04 19:48:00,116.71,850.0,85.72,104.31,36.57
2025-04-04 19:53:00,113.61,842.41,84.67,105.51,37.39
2025-04-04 19:58:00,113.41,847.78,85.2,103.49,36.88
2025-04-04 20:03:00,115.78,840.58,85.54,104.96,37.32
2025-04-04 20:08:00,115.41,844.24,86.89,104.02,36.72
2025-04-04 20:13:00,115.24,848.85,86.28,104.15,37.25
2025-04-04 20:18:00,115.25,839.29,86.21,104.3,37.81
2025-04-04 20:23:00,114.61,849.45,86.87,104.46,37.45
2025-04-04 20:28:00,113.72,847.15,85.88,104.09,36.95
2025-04-04 20:33:00,114.7,850.01,86.41,104.42,37.29
2025-04-04 20:38:00,113.94,848.37,85.92,105.79,37.04
2025-04-04 20:43:00,115.6,854.07,86.29,105.2,37.16
2025-04-04 20:48:00,114.47,847.88,85.44,105.08,37.0
2025-04-04 20:53:00,113.79,845.1,83.58,103.75,37.08
2025-04-04 20:58:00,114.3,847.86,85.89,103.32,37.27
2025-04-04 21:03:00,115.03,849.97,87.44,105.17,36.66
2025-04-04 21:08:00,114.06,847.49,86.95,105.09,36.65
2025-04-04 21:13:00,113.8,847.45,86.99,105.68,36.47
2025-04-04 21:18:00,114.86,843.74,87.26,103.61,36.36
2025-04-04 21:23:00,114.86,843.94,86.11,103.98,36.55
2025-04-04 21:28:00,114.11,840.24,86.22,102.57,37.24
2025-04-04 21:33:00,114.15,856.0,85.4,103.82,36.71
2025-04-04 21:38:00,114.85,841.03,85.7,105.21,37.42
2025-04-04 21:43:00,113.17,843.79,86.64,103.74,37.18
2025-04-04 21:48:00,113.21,843.66,87.22,104.85,36.18
2025-04-04 21:53:00,113.9,851.72,85.88,104.02,37.49
2025-04-04 21:58:00,114.41,845.78,85.57,104.53,37.57
2025-04-04 22:03:00,114.93,853.49,86.02,103.06,36.66
2025-04-04 22:08:00,116.1,843.88,86.62,104.3,37.37
2025-04-04 22:13:00,115.48,848.64,84.58,101.22,36.73
2025-04-04 22:18:00,114.46,843.07,83.72,104.02,37.21
2025-04-04 22:23:00,114.6,857.98,85.47,102.58,36.53
2025-04-04 22:28:00,113.62,841.31,84.8,105.42,36.26
2025-04-04 22:33:00,114.6,848.8,85.51,104.99,36.97
2025-04-04 22:38:00,114.33,850.42,85.87,104.68,37.1
2025-04-04 22:43:00,114.94,849.32,85.57,105.73,36.96
2025-04-04 22:48:00,113.79,846.32,87.47,103.26,36.57
2025-04-04 22:53:00,115.14,846.6,86.35,105.96,36.96
2025-04-04 22:58:00,116.15,847.47,86.32,105.14,37.29
2025-04-04 23:03:00,114.51,846.51,86.64,103.97,37.14
2025-04-04 23:08:00,115.02,852.07,84.88,105.35,37.25
2025-04-04 23:13:00,115.31,858.3,87.06,103.1,36.82
2025-04-04 23:18:00,114.22,844.46,85.94,103.39,37.75
2025-04-04 23:23:00,114.84,840.4,86.69,103.6,36.57
2025-04-04 23:28:00,114.63,846.81,84.95,103.68,37.4
2025-04-04 23:33:00,114.72,860.15,84.47,103.15,37.75
2025-04-04 23:38:00,113.85,843.23,86.84,105.43,37.4
2025-04-04 23:43:00,114.64,855.45,86.4,103.95,37.06
2025-04-04 23:48:00,115.12,855.64,85.12,104.56,36.9
2025-04-04 23:53:00,116.07,844.48,85.15,103.64,37.68
2025-04-04 23:58:00,115.58,850.09,87.15,102.39,36.45
2025-04-05 00:03:00,116.77,855.39,84.83,104.48,36.67
2025-04-05 00:08:00,113.85,845.35,87.66,102.3,36.96
2025-04-05 00:13:00,115.49,846.23,85.12,104.14,37.78
2025-04-05 00:18:00,114.8,844.34,86.66,102.84,37.35
2025-04-05 00:23:00,116.81,842.18,85.69,106.2,36.68
2025-04-05 00:28:00,113.81,844.0,86.62,105.12,37.0
2025-04-05 00:33:00,113.78,841.13,85.48,104.32,36.85
2025-04-05 00:38:00,114.02,847.42,85.86,105.47,36.81
2025-04-05 00:43:00,112.5,843.4,86.06,103.36,37.65
2025-04-05 00:48:00,114.09,848.42,85.02,104.75,36.47
2025-04-05 00:53:00,113.86,839.47,86.76,104.41,37.96
2025-04-05 00:58:00,114.77,848.9,85.51,104.47,37.57
2025-04-05 01:03:00,114.96,851.42,85.79,105.48,37.71
2025-04-05 01:08:00,116.5,837.28,85.03,104.94,36.93
2025-04-05 01:13:00,115.57,849.12,83.46,104.5,37.09
2025-04-05 01:18:00,114.04,853.39,85.83,102.56,36.44
2025-04-05 01:23:00,113.72,841.2,88.43,103.25,36.9
2025-04-05 01:28:00,115.11,855.61,86.8,104.09,37.41
2025-04-05 01:33:00,113.3,849.35,86.0,104.3,37.81
2025-04-05 01:38:00,116.45,843.72,85.76,103.08,36.61
2025-04-05 01:43:00,115.8,846.97,86.04,106.62,36.98
2025-04-05 01:48:00,114.15,850.04,86.57,105.73,37.08
2025-04-05 01:53:00,112.91,847.63,84.84,104.81,36.46
2025-04-05 01:58:00,115.97,849.94,87.13,104.28,37.46
2025-04-05 02:03:00,114.51,842.65,86.74,104.0,36.8
2025-04-05 02:08:00,115.86,848.1,86.74,103.26,37.06
2025-04-05 02:13:00,113.03,840.18,86.46,104.29,36.93
2025-04-05 02:18:00,114.02,846.69,86.04,104.47,36.77
2025-04-05 02:23:00,114.63,842.73,86.69,102.97,37.16
2025-04-05 02:28:00,114.67,843.57,86.61,104.54,37.05
2025-04-05 02:33:00,114.17,853.43,85.67,104.05,36.97
2025-04-05 02:38:00,115.24,852.71,85.45,102.3,36.8
2025-04-05 02:43:00,113.55,850.3,86.12,103.35,37.32
2025-04-05 02:48:00,114.48,841.79,87.57,103.8,37.99
2025-04-05 02:53:00,114.74,845.67,84.78,106.1,37.23
2025-04-05 02:58:00,115.13,853.32,84.55,104.77,37.66
2025-04-05 03:03:00,115.33,847.96,86.18,102.87,36.46
2025-04-05 03:08:00,113.5,858.85,86.07,104.7,37.24
2025-04-05 03:13:00,113.09,849.22,86.19,102.66,36.61
2025-04-05 03:18:00,115.9,848.21,86.26,105.29,36.42
2025-04-05 03:23:00,114.95,845.7,85.8,103.74,36.79
2025-04-05 03:28:00,113.87,847.92,87.51,104.12,37.76
2025-04-05 03:33:00,116.17,846.49,84.42,105.54,37.64
2025-04-05 03:38:00,114.74,850.79,85.19,102.92,37.28
2025-04-05 03:43:00,115.8,852.03,85.92,102.81,36.39
2025-04-05 03:48:00,114.69,843.32,84.38,103.63,37.06
2025-04-05 03:53:00,116.68,840.59,85.84,105.25,37.31
2025-04-05 03:58:00,116.38,838.07,87.68,102.69,37.25
2025-04-05 04:03:00,114.37,849.79,86.04,101.38,36.24
2025-04-05 04:08:00,115.59,841.73,86.25,103.76,36.71
2025-04-05 04:13:00,115.27,836.49,84.76,104.76,37.13
2025-04-05 04:18:00,115.99,849.19,85.4,105.41,37.43
2025-04-05 04:23:00,113.66,859.71,85.64,103.75,36.06
2025-04-05 04:28:00,115.31,847.22,85.7,103.8,37.08
2025-04-05 04:33:00,115.68,851.44,87.3,105.36,37.23
2025-04-05 04:38:00,112.86,847.66,86.58,102.34,37.58
2025-04-05 04:43:00,113.44,846.76,84.91,103.82,37.51
2025-04-05 04:48:00,112.58,851.85,86.27,104.4,37.45
2025-04-05 04:53:00,114.35,845.8,86.52,104.66,36.76
2025-04-05 04:58:00,115.34,848.59,87.16,103.7,36.21
2025-04-05 05:03:00,116.12,848.86,87.6,104.24,36.96
2025-04-05 05:08:00,114.69,843.91,85.0,101.72,37.66
2025-04-05 05:13:00,116.25,852.21,85.21,103.55,37.86
2025-04-05 05:18:00,113.24,846.38,84.76,104.66,37.52
2025-04-05 05:23:00,112.92,843.47,85.79,103.23,37.37
2025-04-05 05:28:00,114.56,849.93,86.49,104.27,37.35
2025-04-05 05:33:00,115.0,842.76,87.01,104.66,36.88
2025-04-05 05:38:00,114.59,847.39,85.94,103.87,37.09
2025-04-05 05:43:00,112.55,847.2,85.7,104.38,37.99
2025-04-05 05:48:00,114.53,852.68,86.17,103.25,36.69
2025-04-05 05:53:00,113.32,849.62,85.18,104.0,37.97
2025-04-05 05:58:00,115.29,847.12,88.11,104.82,37.0
2025-04-05 06:03:00,114.99,851.34,84.41,104.37,37.82
2025-04-05 06:08:00,113.68,854.2,86.2,103.62,36.46
2025-04-05 06:13:00,114.11,850.04,88.04,104.43,37.45
2025-04-05 06:18:00,113.56,847.3,86.03,104.92,36.79
2025-04-05 06:23:00,114.56,840.69,85.83,102.16,36.45
2025-04-05 06:28:00,115.58,841.92,85.66,105.37,37.27
2025-04-05 06:33:00,113.63,845.72,85.84,103.87,37.66
2025-04-05 06:38:00,115.12,844.2,87.39,104.64,36.74
2025-04-05 06:43:00,114.09,846.32,83.81,105.41,36.41
2025-04-05 06:48:00,113.83,847.53,87.55,102.84,37.11
2025-04-05 06:53:00,114.51,849.9,84.6,103.5,37.12
2025-04-05 06:58:00,113.58,846.9,85.75,103.92,37.43
2025-04-05 07:03:00,114.07,849.68,85.59,103.43,37.63
2025-04-05 07:08:00,113.42,847.57,86.61,105.94,37.13
2025-04-05 07:13:00,116.58,837.37,84.42,103.35,38.09
2025-04-05 07:18:00,114.66,842.55,86.48,103.65,37.27
2025-04-05 07:23:00,113.92,846.53,88.04,104.41,36.99
2025-04-05 07:28:00,114.83,841.2,84.66,103.01,36.35
2025-04-05 07:33:00,114.51,850.25,86.21,103.81,37.03
2025-04-05 07:38:00,114.4,854.9,85.36,104.53,36.99
2025-04-05 07:43:00,115.23,853.34,86.45,103.88,37.64
2025-04-05 07:48:00,115.38,846.18,86.04,104.12,37.39
2025-04-05 07:53:00,114.09,854.7,85.38,103.68,36.57
2025-04-05 07:58:00,114.04,847.99,86.51,102.7,37.25
2025-04-05 08:03:00,114.34,845.56,87.82,104.53,37.5
2025-04-05 08:08:00,112.32,844.18,85.83,105.96,37.92
2025-04-05 08:13:00,113.1,845.74,86.74,104.23,37.6
2025-04-05 08:18:00,115.99,845.31,84.73,104.44,37.54
2025-04-05 08:23:00,116.26,848.1,85.06,104.9,37.19
2025-04-05 08:28:00,114.37,848.05,86.49,102.94,37.35
2025-04-05 08:33:00,115.2,847.27,87.5,105.91,37.78
2025-04-05 08:38:00,114.93,849.43,86.38,104.41,36.49
2025-04-05 08:43:00,117.7,853.2,85.71,105.84,36.99
2025-04-05 08:48:00,115.74,852.0,86.02,103.48,36.77
2025-04-05 08:53:00,114.49,839.83,84.77,106.03,37.35
2025-04-05 08:58:00,113.66,834.48,86.62,104.99,37.78
2025-04-05 09:03:00,113.01,851.92,86.9,104.76,36.86
2025-04-05 09:08:00,114.82,840.42,85.57,104.44,35.96
2025-04-05 09:13:00,113.86,846.13,85.55,103.96,36.95
2025-04-05 09:18:00,113.2,841.4,86.29,105.41,37.62
2025-04-05 09:23:00,113.97,838.24,85.58,104.35,37.43
2025-04-05 09:28:00,113.54,849.96,85.95,102.24,37.37
2025-04-05 09:33:00,116.31,851.05,88.12,103.09,37.02
2025-04-05 09:38:00,115.5,844.37,85.77,104.02,36.52
2025-04-05 09:43:00,114.61,834.29,85.66,104.52,37.42
2025-04-05 09:48:00,116.1,844.52,85.37,104.15,36.74
2025-04-05 09:53:00,114.7,849.21,86.76,105.43,38.25
2025-04-05 09:58:00,113.76,839.86,85.84,102.26,37.45
2025-04-05 10:03:00,116.14,848.17,85.37,104.35,36.87
2025-04-05 10:08:00,115.16,847.17,87.34,102.39,36.85
2025-04-05 10:13:00,113.58,850.15,87.44,104.97,37.11
2025-04-05 10:18:00,114.43,847.85,85.42,104.12,37.04
2025-04-05 10:23:00,113.74,842.38,84.15,104.63,37.72
2025-04-05 10:28:00,113.24,853.23,87.03,103.35,37.25
2025-04-05 10:33:00,115.55,846.46,85.34,105.49,36.79
2025-04-05 10:38:00,116.53,847.11,86.81,105.25,38.11
2025-04-05 10:43:00,113.22,842.58,84.05,104.79,37.18
2025-04-05 10:48:00,115.18,845.03,86.91,104.08,37.54
2025-04-05 10:53:00,113.97,842.83,84.81,104.79,36.86
2025-04-05 10:58:00,114.13,846.39,86.75,103.5,37.34
2025-04-05 11:03:00,114.03,855.81,86.03,105.07,37.32
2025-04-05 11:08:00,113.76,840.39,85.07,105.86,36.22
2025-04-05 11:13:00,114.67,839.18,85.61,105.28,38.17
2025-04-05 11:18:00,113.79,854.61,86.71,103.48,37.81
2025-04-05 11:23:00,114.89,846.2,86.13,104.57,36.96
2025-04-05 11:28:00,114.57,843.9,86.6,102.92,36.61
2025-04-05 11:33:00,114.38,852.45,88.0,104.78,37.33
2025-04-05 11:38:00,113.71,844.22,84.46,104.66,37.2
2025-04-05 11:43:00,114.04,856.38,87.64,102.34,37.34
2025-04-05 11:48:00,115.38,850.64,86.12,103.05,37.26
2025-04-05 11:53:00,115.12,844.81,85.12,103.93,37.41
2025-04-05 11:58:00,113.64,858.04,84.69,103.91,37.88
2025-04-05 12:03:00,114.72,844.22,85.83,103.0,37.44
2025-04-05 12:08:00,115.37,850.96,86.94,104.6,36.64
2025-04-05 12:13:00,112.95,848.75,85.89,104.46,37.84
2025-04-05 12:18:00,115.16,853.76,87.53,104.02,37.98
2025-04-05 12:23:00,113.96,855.06,84.57,103.45,38.74
2025-04-05 12:28:00,115.19,847.41,86.01,105.26,36.6
2025-04-05 12:33:00,113.86,843.48,84.77,105.87,37.28
2025-04-05 12:38:00,112.82,849.55,86.38,103.73,36.12
2025-04-05 12:43:00,112.99,843.86,86.91,103.6,37.44
2025-04-05 12:48:00,114.67,857.32,85.6,104.7,36.89
2025-04-05 12:53:00,114.88,847.93,83.42,103.85,38.12
2025-04-05 12:58:00,113.72,845.42,86.22,104.07,36.77
2025-04-05 13:03:00,115.26,848.17,86.46,104.95,36.32
2025-04-05 13:08:00,112.96,840.51,86.42,102.3,36.92
2025-04-05 13:13:00,114.55,842.39,87.26,105.53,36.17
2025-04-05 13:18:00,113.41,853.25,84.95,104.28,37.54
2025-04-05 13:23:00,113.97,843.97,86.7,103.8,36.13
2025-04-05 13:28:00,114.67,842.02,87.21,104.12,37.17
2025-04-05 13:33:00,113.76,849.93,84.24,104.17,36.12
2025-04-05 13:38:00,114.24,853.18,86.34,102.48,37.0
2025-04-05 13:43:00,115.63,850.84,85.52,105.7,37.98
2025-04-05 13:48:00,114.04,852.23,85.94,104.25,37.34
2025-04-05 13:53:00,115.46,843.47,86.37,104.65,36.73
2025-04-05 13:58:00,113.49,840.14,85.53,105.16,37.14
2025-04-05 14:03:00,115.15,854.76,85.34,103.19,37.17
2025-04-05 14:08:00,116.06,845.64,86.05,104.68,37.4
2025-04-05 14:13:00,112.15,846.0,84.93,103.94,36.48
2025-04-05 14:18:00,113.82,853.89,84.93,105.06,37.46
2025-04-05 14:23:00,115.2,850.03,86.7,102.08,35.81
2025-04-05 14:28:00,114.42,849.53,84.87,104.11,36.85
2025-04-05 14:33:00,114.99,858.08,86.69,103.61,36.92
2025-04-05 14:38:00,114.02,844.03,86.48,104.64,37.48
2025-04-05 14:43:00,114.71,851.89,84.29,104.68,37.17
2025-04-05 14:48:00,114.46,847.54,85.34,103.5,36.46
2025-04-05 14:53:00,115.79,848.59,87.21,103.5,36.67
2025-04-05 14:58:00,114.87,854.89,85.04,104.1,37.26
2025-04-05 15:03:00,114.96,849.79,85.56,103.31,37.12
2025-04-05 15:08:00,114.21,849.94,86.48,105.05,36.87
2025-04-05 15:13:00,114.13,852.61,86.8,103.84,36.92
2025-04-05 15:18:00,114.19,845.43,85.77,101.3,37.51
2025-04-05 15:23:00,115.01,843.05,85.42,103.84,36.9
2025-04-05 15:28:00,114.2,842.03,87.44,103.17,37.12
2025-04-05 15:33:00,114.91,837.42,87.76,102.58,38.24
2025-04-05 15:38:00,116.7,857.53,87.0,102.97,36.45
2025-04-05 15:43:00,115.49,841.73,86.11,104.32,36.23
2025-04-05 15:48:00,114.29,846.14,85.21,105.54,37.55
2025-04-05 15:53:00,115.82,845.87,85.19,104.52,36.82
2025-04-05 15:58:00,114.21,848.79,86.54,103.6,37.0
2025-04-05 16:03:00,112.58,851.33,86.44,104.67,36.77
2025-04-05 16:08:00,113.61,851.55,87.42,103.75,37.03
2025-04-05 16:13:00,112.75,844.33,86.67,103.52,37.96
2025-04-05 16:18:00,114.27,846.41,84.52,103.06,37.56
2025-04-05 16:23:00,114.64,848.66,87.07,102.46,37.59
2025-04-05 16:28:00,116.3,846.01,85.02,103.82,36.45
2025-04-05 16:33:00,114.95,855.29,85.64,104.37,36.58
2025-04-05 16:38:00,114.4,849.7,86.27,104.11,35.74
2025-04-05 16:43:00,115.45,850.92,88.02,103.79,36.76
2025-04-05 16:48:00,112.41,850.56,89.13,103.26,37.64
2025-04-05 16:53:00,114.86,853.12,86.63,104.82,37.42
2025-04-05 16:58:00,115.39,848.16,85.84,102.89,37.05
2025-04-05 17:03:00,113.14,840.77,86.55,104.99,37.15
2025-04-05 17:08:00,115.76,849.25,86.91,103.21,36.82
2025-04-05 17:13:00,114.96,843.99,85.7,103.46,37.26
2025-04-05 17:18:00,114.2,844.61,87.82,102.74,37.54
2025-04-05 17:23:00,115.25,850.18,86.25,103.71,36.35
2025-04-05 17:28:00,116.89,853.44,86.52,105.19,37.31
2025-04-05 17:33:00,114.8,847.36,86.69,104.73,37.63
2025-04-05 17:38:00,114.87,848.79,86.44,105.19,36.95
2025-04-05 17:43:00,114.16,855.76,86.86,104.73,37.51
2025-04-05 17:48:00,113.77,848.45,85.4,103.11,38.57
2025-04-05 17:53:00,115.45,860.26,85.46,103.88,37.11
2025-04-05 17:58:00,113.76,850.08,84.92,103.43,37.36
2025-04-05 18:03:00,114.69,838.45,86.46,105.54,36.79
2025-04-05 18:08:00,114.14,851.02,86.8,103.01,37.25
2025-04-05 18:13:00,115.1,849.16,86.48,105.1,37.39
2025-04-05 18:18:00,114.95,853.7,87.69,105.1,37.26
2025-04-05 18:23:00,115.66,850.62,86.01,106.04,36.65
2025-04-05 18:28:00,114.11,846.56,86.69,103.8,37.26
2025-04-05 18:33:00,114.35,841.13,84.93,104.92,37.89
2025-04-05 18:38:00,113.64,846.2,85.63,106.49,37.38
2025-04-05 18:43:00,114.18,843.0,86.72,103.59,37.64
2025-04-05 18:48:00,115.0,844.35,86.87,102.67,37.04
2025-04-05 18:53:00,115.38,850.19,85.73,102.33,37.53
2025-04-05 18:58:00,113.7,855.6,85.95,104.92,37.3
2025-04-05 19:03:00,115.49,849.22,84.5,102.33,36.68
2025-04-05 19:08:00,115.98,841.27,85.66,103.84,37.32
2025-04-05 19:13:00,115.03,849.47,86.91,104.65,36.66
2025-04-05 19:18:00,116.5,853.23,86.6,104.4,36.84
2025-04-05 19:23:00,113.85,844.2,86.52,104.64,37.25
2025-04-05 19:28:00,113.38,846.58,86.07,104.43,37.31
2025-04-05 19:33:00,112.84,847.32,86.03,105.49,36.57
2025-04-05 19:38:00,116.12,843.33,85.36,103.26,37.69
2025-04-05 19:43:00,115.27,850.49,86.72,103.53,37.45
2025-04-05 19:48:00,114.56,846.65,86.44,103.44,36.81
2025-04-05 19:53:00,114.9,849.35,86.51,105.04,36.39
2025-04-05 19:58:00,113.49,842.81,85.49,105.11,37.09
2025-04-05 20:03:00,117.07,845.06,83.87,104.66,36.94
2025-04-05 20:08:00,114.75,850.86,87.12,105.39,37.22
2025-04-05 20:13:00,114.73,845.39,85.54,103.03,36.98
2025-04-05 20:18:00,115.35,855.88,85.16,105.88,36.16
2025-04-05 20:23:00,115.1,845.25,86.71,105.73,36.97
2025-04-05 20:28:00,114.84,848.37,85.63,104.95,37.01
2025-04-05 20:33:00,113.83,851.91,87.08,105.99,37.48
2025-04-05 20:38:00,115.09,840.16,86.64,102.55,36.81
2025-04-05 20:43:00,116.5,838.45,86.7,103.69,38.0
2025-04-05 20:48:00,115.97,839.62,84.65,103.47,36.2
2025-04-05 20:53:00,116.21,853.56,87.23,104.93,37.82
2025-04-05 20:58:00,114.11,844.49,86.28,103.16,37.05
2025-04-05 21:03:00,113.63,860.04,85.65,104.97,37.59
2025-04-05 21:08:00,114.49,844.43,86.16,105.58,37.2
2025-04-05 21:13:00,114.68,848.17,84.24,104.91,37.73
2025-04-05 21:18:00,115.71,854.96,86.43,104.49,36.97
2025-04-05 21:23:00,112.93,857.28,84.99,103.22,36.61
2025-04-05 21:28:00,116.15,857.56,84.67,103.36,37.87
2025-04-05 21:33:00,114.46,853.29,84.5,105.46,37.1
2025-04-05 21:38:00,114.19,852.37,87.13,104.99,37.27
2025-04-05 21:43:00,113.61,850.21,85.39,104.17,37.78
2025-04-05 21:48:00,112.97,851.14,87.55,103.79,36.64
2025-04-05 21:53:00,115.44,844.49,85.48,102.18,37.46
2025-04-05 21:58:00,114.69,843.16,84.31,103.14,36.87
2025-04-05 22:03:00,113.33,847.23,84.9,106.12,37.09
2025-04-05 22:08:00,113.32,846.4,87.26,102.93,37.2
2025-04-05 22:13:00,114.28,844.98,85.86,104.4,36.41
2025-04-05 22:18:00,116.29,850.73,85.47,105.22,36.77
2025-04-05 22:23:00,114.36,852.03,86.18,102.96,37.84
2025-04-05 22:28:00,113.12,847.69,86.52,104.39,37.6
2025-04-05 22:33:00,114.37,854.64,87.14,105.15,37.13
2025-04-05 22:38:00,114.35,841.54,87.47,104.22,37.28
2025-04-05 22:43:00,111.92,846.28,85.66,107.08,37.01
2025-04-05 22:48:00,114.57,843.67,84.69,102.54,37.84
2025-04-05 22:53:00,114.39,837.92,85.61,105.27,37.06
2025-04-05 22:58:00,115.32,846.84,86.28,104.04,37.28
2025-04-05 23:03:00,116.47,846.64,85.06,104.98,37.73
2025-04-05 23:08:00,115.75,854.82,85.06,104.65,36.77
2025-04-05 23:13:00,114.35,850.4,86.36,103.48,37.94
2025-04-05 23:18:00,113.51,842.13,85.97,104.44,36.39
2025-04-05 23:23:00,117.19,856.52,86.05,102.35,37.97
2025-04-05 23:28:00,114.68,853.36,85.26,104.81,36.97
2025-04-05 23:33:00,114.63,850.16,85.79,104.51,37.04
2025-04-05 23:38:00,114.6,846.12,85.1,104.85,36.21
2025-04-05 23:43:00,114.82,842.45,86.91,105.27,36.93
2025-04-05 23:48:00,114.48,845.39,87.06,104.58,36.64
2025-04-05 23:53:00,114.05,852.69,84.17,104.36,36.86
2025-04-05 23:58:00,114.07,856.67,85.09,103.33,37.09
2025-04-06 00:03:00,114.59,854.97,84.52,103.5,37.64
2025-04-06 00:08:00,114.08,844.81,85.37,105.4,37.26
2025-04-06 00:13:00,113.91,841.65,85.94,105.65,37.31
2025-04-06 00:18:00,114.73,847.95,84.57,103.97,36.61
2025-04-06 00:23:00,114.37,838.41,85.1,104.26,36.72
2025-04-06 00:28:00,116.12,848.87,85.02,103.31,38.06
2025-04-06 00:33:00,111.97,846.51,86.23,105.38,36.79
2025-04-06 00:38:00,115.71,844.92,86.09,104.88,37.99
2025-04-06 00:43:00,115.87,839.28,85.3,106.15,37.04
2025-04-06 00:48:00,112.55,849.82,86.2,103.33,37.16
2025-04-06 00:53:00,114.28,844.59,85.47,103.83,37.7
2025-04-06 00:58:00,114.25,841.4,85.75,104.44,37.8
2025-04-06 01:03:00,113.21,832.89,87.69,104.86,37.1
2025-04-06 01:08:00,113.84,847.11,87.36,103.99,36.97
2025-04-06 01:13:00,113.51,856.11,84.72,103.34,37.13
2025-04-06 01:18:00,116.37,855.56,86.85,105.09,37.33
2025-04-06 01:23:00,115.56,844.96,86.83,104.93,37.61
2025-04-06 01:28:00,115.89,844.24,84.87,103.29,37.16
2025-04-06 01:33:00,115.34,849.59,86.84,105.57,37.47
2025-04-06 01:38:00,113.49,842.26,87.56,105.38,37.98
2025-04-06 01:43:00,114.1,848.76,84.9,104.34,37.35
2025-04-06 01:48:00,115.11,851.08,85.1,104.29,37.32
2025-04-06 01:53:00,113.4,853.38,87.04,104.76,36.4
2025-04-06 01:58:00,115.33,846.75,86.29,103.35,35.84
2025-04-06 02:03:00,114.38,846.23,86.57,104.24,37.35
2025-04-06 02:08:00,114.25,842.86,86.36,102.06,37.11
2025-04-06 02:13:00,115.33,843.12,86.41,105.09,36.9
2025-04-06 02:18:00,115.06,846.12,84.69,102.65,37.28
2025-04-06 02:23:00,114.26,849.09,87.07,105.71,37.13
2025-04-06 02:28:00,115.78,851.82,87.19,103.88,37.72
2025-04-06 02:33:00,113.54,843.23,85.79,104.0,37.2
2025-04-06 02:38:00,115.24,854.71,85.98,103.58,36.79
2025-04-06 02:43:00,115.21,845.89,84.49,103.92,37.66
2025-04-06 02:48:00,114.31,847.14,86.53,105.63,37.05
2025-04-06 02:53:00,114.95,843.51,86.59,101.72,37.42
2025-04-06 02:58:00,113.37,835.13,85.96,105.49,36.92
2025-04-06 03:03:00,115.54,851.67,87.14,104.55,36.84
2025-04-06 03:08:00,114.44,850.93,85.69,103.0,37.2
2025-04-06 03:13:00,114.1,845.84,86.58,103.13,37.17
2025-04-06 03:18:00,115.67,847.58,85.0,105.89,37.4
2025-04-06 03:23:00,113.92,849.83,86.0,103.26,37.03
2025-04-06 03:28:00,113.21,839.44,85.85,103.06,36.24
2025-04-06 03:33:00,113.06,844.6,86.25,105.35,36.94
2025-04-06 03:38:00,115.23,851.22,85.65,104.55,37.56
2025-04-06 03:43:00,113.34,840.98,85.89,103.27,37.01
2025-04-06 03:48:00,116.37,848.72,86.85,104.43,37.04
2025-04-06 03:53:00,112.54,840.47,85.58,103.18,37.65
2025-04-06 03:58:00,116.32,849.58,84.41,105.31,36.8
2025-04-06 04:03:00,114.83,847.07,87.77,105.27,36.39
2025-04-06 04:08:00,114.52,839.17,87.4,104.74,37.08
2025-04-06 04:13:00,114.08,853.07,84.73,104.57,36.92
2025-04-06 04:18:00,115.02,843.58,86.71,105.97,36.68
2025-04-06 04:23:00,114.58,843.2,85.52,104.21,37.07
2025-04-06 04:28:00,115.72,848.25,86.28,103.03,37.41
2025-04-06 04:33:00,114.73,852.99,86.31,104.66,37.16
2025-04-06 04:38:00,114.77,842.17,85.79,106.3,37.31
2025-04-06 04:43:00,114.26,847.56,85.24,103.2,38.07
2025-04-06 04:48:00,114.56,849.39,85.33,103.85,36.99
2025-04-06 04:53:00,114.93,850.72,85.1,104.63,37.3
2025-04-06 04:58:00,112.91,848.13,85.19,104.16,36.91
2025-04-06 05:03:00,113.27,845.41,85.95,103.23,36.74
2025-04-06 05:08:00,115.36,843.11,85.3,105.33,36.87
2025-04-06 05:13:00,114.79,847.68,86.7,106.53,36.92
2025-04-06 05:18:00,114.44,841.89,87.51,104.41,37.34
2025-04-06 05:23:00,114.64,832.64,85.44,103.31,38.33
2025-04-06 05:28:00,114.97,849.43,86.26,102.66,36.8
2025-04-06 05:33:00,114.08,851.77,86.52,104.47,36.95
2025-04-06 05:38:00,113.84,835.44,86.49,105.31,37.13
2025-04-06 05:43:00,114.82,842.2,86.1,104.69,37.36
2025-04-06 05:48:00,113.64,850.35,86.76,104.21,37.29
2025-04-06 05:53:00,115.03,857.54,86.5,103.62,37.8
2025-04-06 05:58:00,112.92,847.35,84.78,103.12,35.95
2025-04-06 06:03:00,115.65,843.61,86.89,105.04,35.97
2025-04-06 06:08:00,115.09,846.34,86.91,105.12,36.91
2025-04-06 06:13:00,114.88,854.12,85.26,102.66,37.71
2025-04-06 06:18:00,115.6,844.02,86.06,105.8,36.38
2025-04-06 06:23:00,116.29,843.25,86.7,104.78,35.66
2025-04-06 06:28:00,115.63,844.84,85.81,105.61,37.45
2025-04-06 06:33:00,112.78,842.48,87.09,102.87,37.28
2025-04-06 06:38:00,113.34,847.86,88.38,102.84,36.61
2025-04-06 06:43:00,114.0,855.37,85.23,104.06,36.67
2025-04-06 06:48:00,114.65,848.87,84.64,104.71,36.68
2025-04-06 06:53:00,115.14,845.99,86.32,106.01,37.22
2025-04-06 06:58:00,113.89,845.79,86.74,104.92,36.85
2025-04-06 07:03:00,114.81,839.43,85.79,103.97,37.41
2025-04-06 07:08:00,113.86,851.67,87.47,103.18,35.73
2025-04-06 07:13:00,114.01,846.86,84.68,105.44,36.73
2025-04-06 07:18:00,113.21,846.35,86.71,103.25,36.6
2025-04-06 07:23:00,113.7,863.22,85.41,105.84,37.03
2025-04-06 07:28:00,113.27,848.74,87.74,103.93,36.89
2025-04-06 07:33:00,113.64,843.49,88.01,105.8,37.56
2025-04-06 07:38:00,115.67,845.12,85.25,104.89,36.23
2025-04-06 07:43:00,113.67,852.99,85.47,104.07,37.18
2025-04-06 07:48:00,117.25,847.82,86.88,103.69,37.44
2025-04-06 07:53:00,115.11,840.06,85.63,103.87,38.09
2025-04-06 07:58:00,114.8,851.85,85.97,104.64,36.92
2025-04-06 08:03:00,113.76,843.91,86.05,104.29,37.32
2025-04-06 08:08:00,115.32,856.62,84.1,103.62,36.26
2025-04-06 08:13:00,114.04,852.65,86.01,104.04,35.96
2025-04-06 08:18:00,114.74,845.01,85.33,104.29,37.58
2025-04-06 08:23:00,117.18,853.66,85.53,102.08,37.16
2025-04-06 08:28:00,114.52,847.59,87.46,104.67,37.75
2025-04-06 08:33:00,115.77,851.51,84.76,103.23,36.47
2025-04-06 08:38:00,113.92,849.67,86.83,103.06,37.42
2025-04-06 08:43:00,114.59,843.02,85.74,102.52,38.09
2025-04-06 08:48:00,116.39,844.03,85.74,102.42,37.37
2025-04-06 08:53:00,113.99,852.4,86.81,102.85,37.3
2025-04-06 08:58:00,116.43,845.58,86.36,103.5,37.16
2025-04-06 09:03:00,115.33,845.23,86.59,106.16,36.37
2025-04-06 09:08:00,114.06,842.47,86.99,103.68,37.84
2025-04-06 09:13:00,115.25,849.37,85.69,104.39,36.85
2025-04-06 09:18:00,115.59,857.56,85.41,104.61,37.41
2025-04-06 09:23:00,115.24,841.91,84.93,104.34,36.38
2025-04-06 09:28:00,113.05,847.37,85.19,104.13,36.57
2025-04-06 09:33:00,113.89,854.31,88.97,103.01,37.88
2025-04-06 09:38:00,114.37,846.85,87.26,105.66,36.99
2025-04-06 09:43:00,114.55,849.51,84.67,106.02,37.89
2025-04-06 09:48:00,115.24,841.94,84.7,102.53,37.12
2025-04-06 09:53:00,114.8,849.39,86.5,103.19,36.24
2025-04-06 09:58:00,113.28,846.31,86.57,103.93,37.61
2025-04-06 10:03:00,115.0,852.18,86.57,103.25,36.87
2025-04-06 10:08:00,115.23,853.19,85.77,104.72,37.51
2025-04-06 10:13:00,115.18,860.2,85.89,103.48,37.17
2025-04-06 10:18:00,115.7,850.15,86.35,106.38,36.39
2025-04-06 10:23:00,115.45,848.88,86.11,105.4,37.24
2025-04-06 10:28:00,115.08,848.22,83.8,104.42,38.26
2025-04-06 10:33:00,114.55,845.48,85.79,105.24,37.41
2025-04-06 10:38:00,112.96,848.94,85.17,105.32,37.13
2025-04-06 10:43:00,115.05,845.77,86.2,103.65,37.7
2025-04-06 10:48:00,114.83,848.09,89.01,103.39,37.27
2025-04-06 10:53:00,114.89,853.84,86.39,104.29,37.26
2025-04-06 10:58:00,113.34,842.22,85.71,105.07,36.61
2025-04-06 11:03:00,113.54,852.95,86.94,104.35,37.28
2025-04-06 11:08:00,115.67,853.84,86.5,102.63,37.68
2025-04-06 11:13:00,114.58,846.66,86.44,103.41,36.74
2025-04-06 11:18:00,115.3,836.64,86.63,104.14,37.87
2025-04-06 11:23:00,114.65,844.21,88.08,104.13,37.11
2025-04-06 11:28:00,114.65,853.73,84.89,106.18,36.72
2025-04-06 11:33:00,115.56,847.14,86.49,102.82,37.66
2025-04-06 11:38:00,114.1,842.25,85.09,104.72,37.02
2025-04-06 11:43:00,114.72,844.73,86.58,105.7,37.54
2025-04-06 11:48:00,114.16,851.45,85.1,106.48,37.01
2025-04-06 11:53:00,114.19,849.98,85.6,103.81,37.13
2025-04-06 11:58:00,114.31,846.06,85.72,104.7,37.41
2025-04-06 12:03:00,114.84,845.42,87.0,104.78,37.31
2025-04-06 12:08:00,114.14,845.29,86.94,104.41,36.16
2025-04-06 12:13:00,115.88,842.64,84.77,104.11,36.6
2025-04-06 12:18:00,113.73,855.33,86.07,104.65,37.62
2025-04-06 12:23:00,114.43,845.64,85.31,101.68,37.09
2025-04-06 12:28:00,114.18,853.34,84.76,104.89,36.9
2025-04-06 12:33:00,116.07,854.86,85.8,104.34,36.48
2025-04-06 12:38:00,114.82,852.24,85.71,103.99,36.62
2025-04-06 12:43:00,115.65,845.09,88.45,106.26,36.15
2025-04-06 12:48:00,113.13,849.27,86.45,103.54,37.11
2025-04-06 12:53:00,114.89,847.13,84.64,103.81,36.86
2025-04-06 12:58:00,115.51,842.73,85.46,106.2,36.68
2025-04-06 13:03:00,114.7,848.87,87.04,103.38,37.13
2025-04-06 13:08:00,115.69,841.35,88.11,103.66,37.34
2025-04-06 13:13:00,114.1,853.19,84.43,104.06,38.21
2025-04-06 13:18:00,116.03,844.93,84.14,105.05,36.4
2025-04-06 13:23:00,116.92,848.26,87.89,104.42,37.74
2025-04-06 13:28:00,114.26,848.67,86.41,102.92,37.65
2025-04-06 13:33:00,114.17,845.96,85.15,103.68,36.77
2025-04-06 13:38:00,116.07,850.18,86.55,103.6,37.26
2025-04-06 13:43:00,116.2,844.88,83.38,104.13,36.93
2025-04-06 13:48:00,114.1,851.61,86.02,104.64,37.25
2025-04-06 13:53:00,114.2,840.52,86.35,104.63,37.91
2025-04-06 13:58:00,114.34,847.88,86.94,102.43,37.46
2025-04-06 14:03:00,113.28,856.94,85.01,105.27,37.41
2025-04-06 14:08:00,113.7,842.25,86.11,104.46,36.94
2025-04-06 14:13:00,113.62,843.86,85.09,105.59,36.42
2025-04-06 14:18:00,113.85,849.82,86.28,104.65,37.06
2025-04-06 14:23:00,114.59,848.15,85.12,105.31,37.76
2025-04-06 14:28:00,114.85,849.0,85.61,104.68,36.4
2025-04-06 14:33:00,116.17,849.7,85.02,105.56,36.63
2025-04-06 14:38:00,113.62,850.42,86.67,104.73,37.22
2025-04-06 14:43:00,115.6,852.8,86.88,104.11,36.67
2025-04-06 14:48:00,114.41,849.3,85.79,106.48,36.76
2025-04-06 14:53:00,114.57,846.04,86.06,105.1,36.95
2025-04-06 14:58:00,115.29,850.61,84.57,104.78,36.48
2025-04-06 15:03:00,113.5,856.75,85.72,102.93,36.67
2025-04-06 15:08:00,115.0,846.59,85.97,102.92,37.51
2025-04-06 15:13:00,114.79,842.38,88.64,104.5,36.51
2025-04-06 15:18:00,115.11,852.79,84.91,104.36,36.36
2025-04-06 15:23:00,114.91,846.65,87.48,103.6,36.84
2025-04-06 15:28:00,117.08,836.39,87.02,104.35,37.53
2025-04-06 15:33:00,113.98,851.49,86.3,105.8,37.06
2025-04-06 15:38:00,114.09,844.57,87.78,104.91,36.93
2025-04-06 15:43:00,114.0,846.8,86.39,103.07,37.18
2025-04-06 15:48:00,114.06,848.91,86.41,104.1,36.29
2025-04-06 15:53:00,113.98,848.2,85.97,103.41,37.41
2025-04-06 15:58:00,115.81,850.8,87.24,103.82,37.35
2025-04-06 16:03:00,116.04,845.07,87.12,103.8,36.96
2025-04-06 16:08:00,114.05,849.82,85.39,103.73,37.66
2025-04-06 16:13:00,113.79,845.95,84.7,102.95,36.6
2025-04-06 16:18:00,115.09,850.94,85.82,104.08,37.72
2025-04-06 16:23:00,114.07,850.33,85.22,103.65,37.24
2025-04-06 16:28:00,115.25,842.57,85.96,101.28,36.99
2025-04-06 16:33:00,114.82,852.68,87.26,106.26,37.15
2025-04-06 16:38:00,113.1,844.57,85.56,105.3,37.11
2025-04-06 16:43:00,116.17,851.29,85.98,103.83,37.77
2025-04-06 16:48:00,116.42,849.09,86.08,104.23,36.62
2025-04-06 16:53:00,114.01,856.44,86.87,103.04,36.78
2025-04-06 23:58:00,111.47,847.25,87.77,110.98,37.16
2025-04-07 00:02:00,111.47,847.25,87.77,110.98,37.16
2025-04-07 00:09:00,111.47,847.25,N/A,N/A,37.16
2025-04-07 00:15:00,111.47,847.25,N/A,110.98,37.16
2025-04-07 01:21:14,110.55,N/A,87.77,110.98,37.16
2025-04-07 01:29:55,110.55,N/A,N/A,110.98,37.16
2025-04-07 01:37:30,110.55,N/A,87.77,110.98,37.16
2025-04-07 01:44:40,111.47,847.25,87.77,110.98,37.16
2025-04-07 02:01:22,111.47,847.25,87.77,110.98,37.16
2025-04-07 02:19:16,111.47,847.25,87.77,110.98,37.16
2025-04-07 02:51:42,111.47,847.25,87.77,110.98,37.16
2025-04-07 02:53:19,111.47,847.25,87.77,110.98,37.16
2025-04-07 03:08:46,111.47,847.25,87.77,110.98,37.16
2025-04-07 03:43:04,111.47,N/A,N/A,110.98,37.16
2025-04-07 03:55:54,111.47,847.25,N/A,110.98,37.16
2025-04-07 04:24:24,114.81,N/A,N/A,110.98,37.16
2025-04-07 04:42:48,114.81,N/A,88.20,110.98,37.16
2025-04-07 04:53:10,114.81,N/A,88.20,110.98,37.16
2025-04-07 05:15:00,114.81,847.25,88.20,110.98,37.16
2025-04-07 05:35:27,114.74,N/A,88.20,110.98,37.16
2025-04-07 05:46:18,114.74,847.25,N/A,110.98,N/A
2025-04-07 05:56:35,114.74,847.25,N/A,110.98,37.16
2025-04-07 06:31:57,114.74,N/A,88.20,110.98,37.16
2025-04-07 06:51:24,114.74,847.25,N/A,110.98,37.16
2025-04-07 07:11:32,114.73,847.25,N/A,110.98,37.16
2025-04-07 07:31:01,114.74,N/A,88.20,110.98,37.16
2025-04-07 07:43:11,114.62,847.25,88.20,110.98,37.16
2025-04-07 07:53:46,114.--,847.25,88.20,110.98,37.16
2025-04-07 08:21:03,114.--,N/A,N/A,110.98,37.16
2025-04-07 08:43:25,114.--,847.25,88.20,110.98,37.16
2025-04-07 08:56:14,114.--,N/A,N/A,110.98,37.16
2025-04-07 09:23:31,112.98,N/A,88.20,110.98,37.16
2025-04-07 09:39:33,112.98,N/A,N/A,110.98,37.16
2025-04-07 09:50:14,112.98,N/A,N/A,110.98,37.16
2025-04-07 10:01:10,112.98,847.25,87.91,N/A,37.16
2025-04-07 10:31:34,109.94,N/A,87.91,110.98,37.16
2025-04-07 10:47:15,109.71,N/A,N/A,110.98,37.16
2025-04-07 10:57:33,109.71,N/A,N/A,110.98,37.16
2025-04-07 11:20:06,109.71,847.25,87.91,110.98,37.16
2025-04-07 11:30:37,109.71,N/A,87.91,110.98,37.16
2025-04-07 11:41:05,109.71,847.25,87.91,110.98,37.16
2025-04-07 11:51:43,109.71,N/A,N/A,110.98,37.16
2025-04-07 12:21:55,109.71,N/A,N/A,110.98,37.16
2025-04-07 13:01:44,109.71,N/A,87.91,110.98,37.16
2025-04-07 13:35:21,109.71,847.25,87.91,110.98,37.16
2025-04-07 13:48:53,109.71,N/A,N/A,110.98,37.16
2025-04-07 13:59:33,109.71,N/A,87.91,110.98,37.16
2025-04-07 14:27:07,109.71,847.25,N/A,110.98,37.16
2025-04-07 14:45:07,112.98,847.25,87.91,110.98,37.16
2025-04-07 14:55:43,112.98,N/A,N/A,110.98,37.16
2025-04-07 15:20:48,112.98,847.25,N/A,110.98,37.16
2025-04-07 15:38:04,112.98,847.25,N/A,110.98,37.16
2025-04-07 15:48:45,112.98,847.25,87.91,110.98,37.16
2025-04-07 15:59:17,112.98,N/A,87.91,110.98,37.16
2025-04-07 16:30:59,111.70,847.25,N/A,110.98,37.16
2025-04-07 16:49:01,111.70,847.25,87.91,110.98,37.16
2025-04-07 16:59:42,111.70,N/A,87.91,110.98,37.16
2025-04-07 17:24:01,111.70,847.25,87.91,110.98,37.15
2025-04-07 17:38:20,108.74,847.25,N/A,110.98,37.15
2025-04-07 17:48:57,107.83,847.25,N/A,110.98,37.15
2025-04-07 17:59:15,107.83,847.25,N/A,110.98,37.15
2025-04-07 18:34:48,111.70,847.25,87.91,110.98,37.09
2025-04-07 18:49:29,108.--,847.25,N/A,110.98,37.09
2025-04-07 19:00:01,108.--,847.25,87.91,110.98,37.09
2025-04-07 19:20:33,108.--,N/A,87.91,110.98,37.09
2025-04-07 19:31:26,108.--,N/A,87.91,110.98,37.09
2025-04-07 19:42:00,111.70,847.25,87.91,110.98,37.09
2025-04-07 19:52:56,111.70,847.25,87.91,110.98,37.09
2025-04-07 20:15:02,111.70,847.25,87.91,110.98,37.09
2025-04-07 20:18:03,111.70,847.25,87.91,110.98,37.09
2025-04-07 20:33:36,111.70,847.25,87.91,110.98,37.09
2025-04-07 20:45:31,111.70,847.25,N/A,110.98,37.09
2025-04-07 20:55:57,111.70,N/A,N/A,110.98,37.09
2025-04-07 21:19:08,110.77,853.27,86.29,110.36,37.35
2025-04-07 21:35:00,110.77,853.27,86.29,110.36,37.35
2025-04-07 21:45:32,110.77,853.27,86.29,110.36,37.35
2025-04-07 21:56:06,110.77,853.27,86.29,110.36,37.35
2025-04-07 22:19:36,110.77,N/A,N/A,110.36,36.58
2025-04-07 22:37:39,110.77,N/A,86.29,110.36,36.58
2025-04-07 22:48:15,110.77,853.27,N/A,110.36,36.58
2025-04-07 22:58:40,110.77,853.27,N/A,110.36,N/A
2025-04-07 23:24:06,110.77,853.27,86.29,110.36,36.58
2025-04-07 23:37:58,110.77,853.27,N/A,110.36,37.38
2025-04-07 23:48:33,110.77,853.27,N/A,110.36,37.38
2025-04-07 23:59:17,110.77,853.27,N/A,110.36,37.38
2025-04-08 01:59:15,110.72,853.27,N/A,110.36,38.01
2025-04-08 03:04:19,110.72,853.27,86.29,110.36,38.01
2025-04-08 03:38:37,110.72,853.27,86.29,110.36,38.01
2025-04-08 03:53:42,110.72,N/A,N/A,110.36,38.01
2025-04-08 04:18:11,110.72,853.27,86.29,110.36,38.01
2025-04-08 04:40:20,110.72,853.27,86.29,110.36,38.01
2025-04-08 04:52:39,110.72,853.27,N/A,110.36,38.01
2025-04-08 05:13:15,110.72,N/A,N/A,110.36,38.01
2025-04-08 05:33:54,110.72,853.27,86.29,110.36,38.01
2025-04-08 05:45:28,110.72,853.27,N/A,110.36,38.01
2025-04-08 05:56:14,110.72,853.27,86.29,110.36,38.01
2025-04-08 06:30:20,N/A,853.27,86.29,110.36,37.67
2025-04-08 06:50:11,113.65,N/A,86.29,110.36,37.67
2025-04-08 07:00:53,113.65,853.27,86.29,110.36,37.67
2025-04-08 07:25:29,113.40,853.27,N/A,110.36,38.01
2025-04-08 07:38:19,113.40,853.27,N/A,N/A,38.01
2025-04-08 07:48:59,113.40,853.27,86.29,110.18,38.01
2025-04-08 07:59:34,113.40,N/A,86.15,110.18,38.01
2025-04-08 08:34:09,113.40,853.27,N/A,110.18,38.01
2025-04-08 08:51:55,113.40,N/A,N/A,110.18,38.01
2025-04-08 09:12:26,113.40,853.27,N/A,110.18,38.01
2025-04-08 09:33:22,113.39,N/A,86.15,110.18,38.01
2025-04-08 09:45:27,113.39,853.27,86.15,110.18,38.01
2025-04-08 09:56:02,112.18,N/A,N/A,110.18,38.01
2025-04-08 10:22:09,112.13,N/A,N/A,N/A,38.01
2025-04-08 10:42:34,N/A,853.27,N/A,110.18,38.01
2025-04-08 10:53:21,112.13,853.27,N/A,110.18,38.01
2025-04-08 11:12:08,112.13,853.27,86.15,110.18,38.01
2025-04-08 11:27:36,112.13,853.27,86.15,110.18,38.01
2025-04-08 11:39:54,112.13,853.27,N/A,110.18,38.01
2025-04-08 11:50:35,112.13,853.27,86.15,110.18,38.01
2025-04-08 12:16:19,112.13,N/A,86.15,110.18,38.01
2025-04-08 12:59:09,113.27,853.27,86.15,110.18,N/A
2025-04-08 13:33:57,109.52,853.27,N/A,115.--,37.60
2025-04-08 13:48:13,109.52,N/A,N/A,115.--,37.60
2025-04-08 13:58:51,109.52,N/A,87.83,115.--,37.60
2025-04-08 14:26:48,113.27,853.27,87.83,115.--,37.60
2025-04-08 14:45:19,113.27,853.27,N/A,115.--,37.60
2025-04-08 14:55:44,113.27,N/A,87.--,115.--,37.60
2025-04-08 15:21:53,N/A,N/A,87.--,115.--,N/A
2025-04-08 15:40:15,N/A,N/A,N/A,115.--,N/A
2025-04-08 15:51:04,N/A,853.27,N/A,115.--,N/A
2025-04-08 16:12:10,112.63,853.27,87.--,115.--,N/A
2025-04-08 16:41:01,N/A,N/A,N/A,115.--,N/A
2025-04-08 16:55:15,N/A,853.27,87.--,115.--,36.50
2025-04-08 17:16:49,N/A,853.27,87.--,115.--,N/A
2025-04-08 17:35:18,N/A,N/A,87.--,115.--,N/A
2025-04-08 17:46:01,N/A,N/A,87.--,115.--,N/A
2025-04-08 17:56:37,N/A,853.27,N/A,115.--,37.07
2025-04-08 18:29:45,112.60,853.27,N/A,115.--,N/A
2025-04-08 18:49:47,112.60,N/A,N/A,115.--,N/A
2025-04-08 19:00:17,112.60,853.27,N/A,115.--,N/A
2025-04-08 19:21:50,112.60,853.27,87.--,115.--,N/A
2025-04-08 19:33:25,112.60,N/A,87.--,115.--,N/A
2025-04-08 19:44:10,112.60,N/A,87.--,115.--,N/A
2025-04-08 19:54:49,112.60,N/A,N/A,115.--,N/A
2025-04-08 20:18:23,112.60,709.98,87.--,115.--,N/A
2025-04-08 20:19:59,112.60,709.98,N/A,115.--,N/A
2025-04-08 20:37:25,112.60,709.98,87.--,115.--,N/A
2025-04-08 20:48:36,112.60,709.98,N/A,115.--,N/A
2025-04-08 20:58:58,112.60,709.98,87.--,115.--,N/A
2025-04-08 21:24:09,N/A,N/A,87.--,115.--,N/A
2025-04-08 21:37:42,N/A,N/A,87.--,115.--,N/A
2025-04-08 21:48:32,N/A,709.98,N/A,115.--,N/A
2025-04-08 21:59:04,N/A,709.98,N/A,115.--,N/A
2025-04-08 22:25:07,N/A,N/A,87.--,115.--,N/A
2025-04-08 22:40:36,N/A,N/A,87.--,115.--,N/A
2025-04-08 22:51:16,N/A,N/A,87.--,115.--,N/A
2025-04-08 23:09:41,113.12,709.98,87.--,115.--,38.01
2025-04-08 23:27:59,113.12,709.98,87.--,115.--,N/A
2025-04-08 23:40:33,N/A,709.98,N/A,115.--,N/A
2025-04-08 23:51:29,109.60,709.98,N/A,115.--,38.01
2025-04-09 00:47:43,N/A,N/A,N/A,115.--,N/A
2025-04-09 02:19:29,N/A,709.98,87.--,120.57,N/A
2025-04-09 03:11:25,109.59,709.98,87.--,120.57,N/A
2025-04-09 03:44:14,N/A,N/A,87.--,120.57,N/A
2025-04-09 03:56:28,N/A,N/A,N/A,120.57,38.01
2025-04-09 04:25:33,N/A,853.91,N/A,120.57,N/A
2025-04-09 04:44:27,N/A,N/A,N/A,120.57,N/A
2025-04-09 04:55:38,N/A,853.91,N/A,120.57,38.01
2025-04-09 05:19:09,N/A,N/A,87.--,120.57,N/A
2025-04-09 05:38:05,N/A,853.91,87.--,120.57,38.01
2025-04-09 05:48:39,N/A,N/A,87.--,120.57,N/A
2025-04-09 05:59:08,N/A,N/A,N/A,120.57,N/A
2025-04-09 06:36:28,N/A,853.91,N/A,120.57,38.01
2025-04-09 06:52:35,N/A,N/A,N/A,120.57,38.01
2025-04-09 07:13:32,N/A,853.91,N/A,120.57,N/A
2025-04-09 07:30:49,N/A,853.91,N/A,120.57,N/A
2025-04-09 07:42:28,N/A,N/A,87.83,120.57,38.01
2025-04-09 07:53:08,N/A,853.91,87.83,120.57,N/A
2025-04-09 08:20:04,N/A,853.91,87.83,120.57,N/A
2025-04-09 08:44:16,N/A,N/A,N/A,120.57,N/A
2025-04-09 08:57:37,N/A,853.91,87.83,120.57,N/A
2025-04-09 09:27:05,N/A,N/A,N/A,120.57,N/A
2025-04-09 09:43:26,N/A,853.91,87.83,120.57,N/A
2025-04-09 09:54:03,109.59,853.91,87.83,120.57,N/A
2025-04-09 10:19:16,109.59,853.91,87.83,120.57,N/A
2025-04-09 10:44:02,N/A,853.91,87.83,120.56,N/A
2025-04-09 10:56:19,N/A,853.91,N/A,120.56,N/A
2025-04-09 11:17:22,N/A,853.91,87.83,120.56,N/A
2025-04-09 11:29:35,N/A,853.91,87.83,121.47,N/A
2025-04-09 11:40:32,N/A,853.91,87.83,119.08,38.01
2025-04-09 11:51:27,N/A,N/A,87.83,119.08,N/A
2025-04-09 12:19:50,109.59,853.91,87.83,119.08,N/A
2025-04-09 13:00:16,109.59,N/A,86.96,121.47,N/A
2025-04-09 13:36:02,N/A,853.91,N/A,121.47,N/A
2025-04-09 13:52:57,N/A,853.91,N/A,121.47,N/A
2025-04-09 14:14:24,N/A,853.91,87.83,121.47,38.--
2025-04-09 14:40:39,N/A,853.91,N/A,121.47,N/A
2025-04-09 14:53:43,N/A,853.91,N/A,121.47,N/A
2025-04-09 15:18:44,N/A,853.91,86.25,121.47,N/A
2025-04-09 15:39:44,N/A,853.91,N/A,121.47,N/A
2025-04-09 15:51:23,N/A,853.91,86.25,121.47,N/A
2025-04-09 16:12:50,N/A,853.91,N/A,121.47,N/A
2025-04-09 16:42:10,109.45,853.91,N/A,121.47,38.01
2025-04-09 16:56:43,109.45,853.91,86.25,121.47,38.01
2025-04-09 17:19:20,N/A,N/A,86.25,121.47,N/A
2025-04-09 17:37:12,N/A,N/A,86.25,121.47,N/A
2025-04-09 17:48:03,N/A,853.91,86.25,121.47,N/A
2025-04-09 17:58:24,N/A,853.91,86.25,121.47,N/A
2025-04-09 18:35:11,N/A,853.91,86.25,121.47,N/A
2025-04-09 18:49:59,N/A,853.91,N/A,121.47,N/A
2025-04-09 19:00:34,N/A,853.91,N/A,121.47,N/A
2025-04-09 19:21:11,N/A,853.91,87.80,121.47,N/A
2025-04-09 19:32:18,N/A,853.91,87.80,121.47,N/A
2025-04-09 19:43:03,109.45,N/A,N/A,121.47,39.33
2025-04-09 19:53:30,109.45,N/A,87.80,121.47,39.33
2025-04-09 20:16:02,109.45,N/A,N/A,121.47,39.33
2025-04-09 20:17:19,109.45,N/A,87.80,121.47,39.33
2025-04-09 20:34:46,109.45,853.91,N/A,121.47,39.33
2025-04-09 20:49:05,109.45,N/A,N/A,121.47,39.33
2025-04-09 20:59:32,109.45,N/A,87.80,121.47,39.33
2025-04-09 21:21:57,108.04,844.35,87.80,120.11,34.65
2025-04-09 21:33:39,108.04,N/A,87.80,120.11,34.65
2025-04-09 21:44:06,108.04,844.35,87.80,120.11,39.99
2025-04-09 21:54:58,108.04,844.35,N/A,120.11,39.99
2025-04-09 22:16:51,108.04,844.35,N/A,120.11,39.99
2025-04-09 22:34:28,N/A,844.35,87.80,120.11,39.99
2025-04-09 22:45:25,108.04,N/A,87.80,120.11,39.99
2025-04-09 22:56:01,108.04,844.35,87.80,120.11,N/A
2025-04-09 23:18:46,108.04,844.35,N/A,120.11,39.99
2025-04-09 23:31:14,108.04,844.35,N/A,120.11,39.99
2025-04-09 23:42:10,108.04,844.35,87.80,120.11,39.99
2025-04-09 23:52:47,108.04,844.35,87.80,120.11,39.99
2025-04-10 01:02:37,108.04,844.35,87.80,120.11,39.99
2025-04-10 02:38:27,108.04,844.35,N/A,120.11,N/A
2025-04-10 03:23:43,108.04,844.35,N/A,120.11,37.56
2025-04-10 03:48:48,108.04,N/A,87.80,120.11,37.56
2025-04-10 03:59:25,108.04,844.35,87.80,120.11,37.56
2025-04-10 04:30:03,108.04,844.35,N/A,120.11,37.56
2025-04-10 04:47:43,108.04,N/A,N/A,120.11,37.56
2025-04-10 04:58:11,108.04,844.35,N/A,120.11,37.56
2025-04-10 05:25:21,108.04,N/A,N/A,120.11,37.56
2025-04-10 05:40:53,108.04,N/A,87.80,120.11,37.56
2025-04-10 05:51:15,N/A,844.35,N/A,120.11,37.56
2025-04-10 06:14:42,108.04,844.35,87.80,120.11,37.65
2025-04-10 06:43:10,108.04,844.35,N/A,120.11,37.65
2025-04-10 06:55:17,108.04,844.35,N/A,120.11,N/A
2025-04-10 07:18:40,108.04,721.83,N/A,120.11,37.65
2025-04-10 07:33:36,108.04,N/A,N/A,120.11,37.65
2025-04-10 07:45:00,108.04,721.83,N/A,120.11,37.65
2025-04-10 07:55:33,108.04,N/A,N/A,120.11,N/A
2025-04-10 08:25:53,N/A,721.83,N/A,120.11,N/A
2025-04-10 08:46:36,N/A,N/A,N/A,120.11,37.65
2025-04-10 08:57:29,N/A,721.83,N/A,120.11,N/A
2025-04-10 09:25:38,N/A,N/A,83.89,120.11,N/A
2025-04-10 09:40:52,N/A,721.83,N/A,120.11,N/A
2025-04-10 09:51:18,N/A,N/A,N/A,120.11,N/A
2025-04-10 10:11:20,N/A,N/A,N/A,120.11,N/A
2025-04-10 10:36:41,N/A,N/A,N/A,120.11,N/A
2025-04-10 10:50:04,N/A,N/A,83.89,120.11,N/A
2025-04-10 11:00:40,N/A,N/A,83.89,120.11,N/A
2025-04-10 11:22:19,N/A,844.35,83.89,120.11,N/A
2025-04-10 11:34:26,N/A,N/A,N/A,120.11,N/A
2025-04-10 11:44:47,N/A,N/A,N/A,120.11,N/A
2025-04-10 11:55:32,N/A,844.35,N/A,120.11,N/A
2025-04-10 12:39:16,N/A,844.35,83.89,120.11,N/A
2025-04-10 13:15:38,N/A,844.35,83.89,N/A,N/A
2025-04-10 13:41:25,N/A,844.35,N/A,120.11,N/A
2025-04-10 13:52:21,N/A,844.35,83.89,120.11,N/A
2025-04-10 14:12:40,N/A,844.35,N/A,120.08,N/A
2025-04-10 14:36:39,N/A,844.35,83.89,120.11,N/A
2025-04-10 14:47:30,N/A,N/A,83.89,120.11,37.65
2025-04-10 14:58:12,N/A,844.35,83.89,120.11,N/A
2025-04-10 15:27:30,108.13,N/A,83.89,120.11,N/A
2025-04-10 15:42:57,108.13,N/A,N/A,120.11,N/A
2025-04-10 15:53:34,N/A,N/A,83.89,120.11,N/A
2025-04-10 16:19:00,N/A,N/A,83.89,120.11,N/A
2025-04-10 16:44:20,N/A,N/A,N/A,120.11,N/A
2025-04-10 16:57:16,N/A,830.--,87.83,120.11,N/A
2025-04-10 17:20:34,N/A,830.--,87.83,117.35,N/A
2025-04-10 17:37:52,N/A,830.--,87.83,117.35,N/A
2025-04-10 17:47:22,N/A,830.--,87.83,117.35,N/A
2025-04-10 17:58:09,N/A,830.--,N/A,117.35,N/A
2025-04-10 18:32:16,108.18,830.--,87.83,117.35,N/A
2025-04-10 18:48:45,N/A,830.--,87.83,117.35,N/A
2025-04-10 18:59:20,N/A,N/A,N/A,117.35,N/A
2025-04-10 19:19:16,N/A,830.--,N/A,117.35,N/A
2025-04-10 19:29:53,N/A,830.--,87.83,117.35,N/A
2025-04-10 19:40:41,N/A,830.--,87.83,117.35,N/A
2025-04-10 19:51:19,N/A,830.--,87.83,117.35,N/A
2025-04-10 20:11:41,N/A,830.--,N/A,117.35,N/A
2025-04-10 20:17:57,N/A,830.--,N/A,117.35,N/A
2025-04-10 20:32:22,N/A,830.--,N/A,117.35,N/A
2025-04-10 20:45:17,N/A,N/A,87.83,117.35,41.81
2025-04-10 20:55:49,N/A,830.--,87.83,117.35,41.81
2025-04-10 21:18:29,N/A,830.--,N/A,116.92,N/A
2025-04-10 21:31:34,107.99,830.--,N/A,116.92,41.67
2025-04-10 21:42:26,107.99,830.--,87.83,116.92,41.67
2025-04-10 21:53:00,107.99,830.--,87.83,116.92,41.66
2025-04-10 22:13:20,N/A,N/A,87.83,116.92,41.66
2025-04-10 22:35:02,N/A,830.--,87.83,116.92,N/A
2025-04-10 22:45:54,N/A,830.--,87.83,116.92,N/A
2025-04-10 22:56:27,107.99,830.--,87.83,116.92,41.66
2025-04-10 23:21:33,107.99,830.--,87.83,116.92,41.66
2025-04-10 23:35:21,N/A,N/A,87.83,116.92,N/A
2025-04-10 23:45:59,N/A,830.--,87.83,116.92,41.66
2025-04-10 23:56:26,N/A,830.--,87.83,116.92,N/A
2025-04-11 01:44:00,N/A,N/A,87.83,116.92,N/A
2025-04-11 02:55:44,N/A,830.--,87.83,116.92,41.20
2025-04-11 03:33:45,N/A,830.--,87.83,116.92,N/A
2025-04-11 03:52:30,N/A,830.--,87.83,112.48,N/A
2025-04-11 04:15:44,N/A,830.--,N/A,112.48,N/A
2025-04-11 04:40:11,N/A,830.--,N/A,119.68,N/A
2025-04-11 04:52:06,N/A,830.--,87.83,119.68,41.20
2025-04-11 05:13:46,N/A,830.--,N/A,119.68,N/A
2025-04-11 05:36:42,N/A,830.--,87.83,119.68,N/A
2025-04-11 05:48:54,N/A,830.--,87.83,119.68,N/A
2025-04-11 05:59:31,109.02,N/A,87.83,119.68,N/A
2025-04-11 06:35:54,N/A,N/A,N/A,119.68,N/A
2025-04-11 06:52:09,N/A,830.--,87.83,119.68,N/A
2025-04-11 07:12:03,109.02,N/A,87.83,119.68,N/A
2025-04-11 07:29:34,N/A,N/A,87.83,119.68,N/A
2025-04-11 07:40:43,N/A,N/A,87.83,119.68,N/A
2025-04-11 07:51:34,109.72,830.--,87.83,119.68,N/A
2025-04-11 08:14:18,N/A,N/A,N/A,119.68,N/A
2025-04-11 08:40:38,N/A,N/A,87.83,119.68,N/A
2025-04-11 08:53:34,N/A,830.--,N/A,119.68,N/A
2025-04-11 09:16:23,N/A,830.--,N/A,119.68,N/A
2025-04-11 09:34:18,N/A,830.--,87.83,119.68,N/A
2025-04-11 09:45:12,N/A,830.--,87.83,111.52,N/A
2025-04-11 09:55:32,N/A,830.--,87.83,111.52,N/A
2025-04-11 10:20:07,N/A,N/A,87.83,111.52,N/A
2025-04-11 10:40:29,111.49,830.--,87.83,111.52,N/A
2025-04-11 10:51:09,N/A,830.--,N/A,111.52,N/A
2025-04-11 11:08:45,N/A,830.--,87.83,111.52,N/A
2025-04-11 11:25:33,N/A,830.--,87.83,111.52,N/A
2025-04-11 11:37:28,N/A,N/A,87.83,111.52,N/A
2025-04-11 11:48:09,111.49,830.--,87.83,111.52,N/A
2025-04-11 11:58:44,N/A,830.--,87.83,111.52,N/A
2025-04-11 12:50:57,111.49,830.--,87.83,111.52,N/A
2025-04-11 13:20:13,N/A,N/A,87.83,111.52,N/A
2025-04-11 13:42:05,N/A,830.--,87.83,111.52,N/A
2025-04-11 13:52:25,N/A,N/A,87.83,111.52,N/A
2025-04-11 14:12:31,N/A,N/A,87.83,111.52,N/A
2025-04-11 14:35:01,N/A,830.--,87.83,111.52,N/A
2025-04-11 14:47:30,N/A,830.--,87.83,111.52,41.28
2025-04-11 14:58:20,N/A,830.--,87.83,111.52,N/A
2025-04-11 15:26:45,112.48,830.--,87.83,111.52,N/A
2025-04-11 15:41:46,112.48,N/A,87.83,111.52,N/A
2025-04-11 15:52:46,N/A,830.--,87.83,111.52,41.29
2025-04-11 16:16:42,N/A,830.--,87.83,111.52,41.29
2025-04-11 16:42:43,N/A,830.--,87.83,111.52,N/A
2025-04-11 16:54:48,N/A,830.--,87.83,119.68,N/A
2025-04-11 17:15:37,N/A,830.--,87.83,119.68,41.29
2025-04-11 17:31:53,N/A,830.--,87.83,119.68,41.29
2025-04-11 17:43:46,110.--,830.--,83.--,119.68,N/A
2025-04-11 17:54:24,N/A,830.--,87.83,119.68,N/A
2025-04-11 18:23:00,N/A,830.--,87.83,119.68,41.29
2025-04-11 18:45:05,N/A,830.--,87.83,119.68,N/A
2025-04-11 18:55:42,N/A,N/A,87.83,119.68,41.29
2025-04-11 19:16:12,N/A,N/A,87.83,119.68,N/A
2025-04-11 19:27:57,N/A,N/A,87.83,119.68,N/A
2025-04-11 19:39:59,N/A,N/A,87.83,119.68,N/A
2025-04-11 19:50:43,N/A,N/A,87.83,119.68,N/A
2025-04-11 20:10:10,N/A,830.--,87.83,N/A,N/A
2025-04-11 20:17:53,N/A,830.--,87.83,119.68,N/A
2025-04-11 20:31:21,N/A,N/A,N/A,119.68,N/A
2025-04-11 20:44:03,N/A,830.--,87.83,119.68,41.29
2025-04-11 20:54:21,N/A,830.--,87.83,119.68,41.29
2025-04-11 21:15:20,110.--,830.--,N/A,112.61,N/A
2025-04-11 21:30:35,N/A,N/A,87.83,112.61,N/A
2025-04-11 21:41:25,N/A,830.--,87.83,112.61,N/A
2025-04-11 21:51:57,N/A,830.--,N/A,112.61,40.98
2025-04-11 22:10:58,N/A,830.--,N/A,112.61,N/A
2025-04-11 22:33:44,N/A,830.--,N/A,112.61,N/A
2025-04-11 22:46:25,N/A,830.--,N/A,112.61,N/A
2025-04-11 22:57:00,N/A,830.--,N/A,112.61,40.98
2025-04-11 23:20:57,N/A,830.--,N/A,112.61,N/A
2025-04-11 23:33:30,N/A,830.--,87.83,112.61,N/A
2025-04-11 23:43:53,N/A,N/A,87.83,112.61,N/A
2025-04-11 23:54:17,N/A,830.--,87.83,112.61,N/A
2025-04-12 01:15:19,N/A,N/A,87.83,112.61,N/A
2025-04-12 02:39:00,N/A,830.--,N/A,112.61,N/A
2025-04-12 03:20:44,N/A,830.--,87.92,112.61,N/A
2025-04-12 03:44:47,N/A,830.--,87.92,112.61,N/A
2025-04-12 03:55:12,N/A,N/A,87.92,112.61,N/A
2025-04-12 04:20:55,N/A,N/A,N/A,112.61,N/A
2025-04-12 04:40:35,N/A,830.--,N/A,112.61,40.29
2025-04-12 04:51:04,N/A,830.--,87.92,112.61,N/A
2025-04-12 05:09:26,N/A,830.--,87.92,112.61,N/A
2025-04-12 05:30:27,N/A,N/A,N/A,112.61,40.29
2025-04-12 05:42:19,N/A,N/A,87.92,112.61,N/A
2025-04-12 05:52:59,N/A,N/A,87.92,112.61,N/A
2025-04-12 06:17:32,N/A,N/A,N/A,112.61,N/A
2025-04-12 06:41:38,N/A,N/A,N/A,112.61,N/A
2025-04-12 06:53:08,N/A,830.--,N/A,112.61,N/A
2025-04-12 07:12:14,N/A,N/A,87.92,112.61,N/A
2025-04-12 07:27:34,N/A,N/A,87.92,112.61,N/A
2025-04-12 07:38:59,N/A,N/A,87.92,112.61,N/A
2025-04-12 07:49:38,N/A,830.--,N/A,112.61,N/A
2025-04-12 08:00:12,N/A,N/A,87.92,112.61,N/A
2025-04-12 08:30:04,N/A,N/A,N/A,112.61,N/A
2025-04-12 08:46:36,N/A,N/A,87.92,108.65,N/A
2025-04-12 08:57:11,N/A,830.--,87.92,108.65,N/A
2025-04-12 09:23:23,N/A,830.--,87.92,112.61,N/A
2025-04-12 09:36:49,N/A,N/A,N/A,112.61,N/A
2025-04-12 09:47:39,N/A,830.--,N/A,112.61,N/A
2025-04-12 09:58:06,N/A,830.--,N/A,112.61,39.51
2025-04-12 10:24:00,N/A,830.--,87.92,112.61,39.51
2025-04-12 10:38:45,N/A,830.--,N/A,112.61,N/A
2025-04-12 10:49:22,N/A,N/A,87.92,112.61,N/A
2025-04-12 11:00:09,N/A,N/A,87.92,112.61,N/A
2025-04-12 11:19:16,N/A,830.--,87.92,112.61,N/A
2025-04-12 11:29:51,N/A,830.--,N/A,112.61,N/A
2025-04-12 11:40:31,N/A,830.--,87.92,112.61,N/A
2025-04-12 11:51:08,110.--,830.--,87.92,112.61,N/A
2025-04-12 12:15:54,N/A,830.--,N/A,112.61,39.22
2025-04-12 12:52:34,N/A,830.--,87.92,112.61,N/A
2025-04-12 13:18:33,N/A,830.--,N/A,112.61,N/A
2025-04-12 13:34:47,N/A,830.--,N/A,112.61,N/A
2025-04-12 13:45:22,111.98,830.--,90.02,112.61,N/A
2025-04-12 13:55:58,N/A,N/A,90.02,112.61,N/A
2025-04-12 14:16:51,111.98,830.--,90.02,112.61,N/A
2025-04-12 14:33:05,N/A,830.--,N/A,112.61,N/A
2025-04-12 14:43:29,N/A,830.--,90.02,112.61,N/A
2025-04-12 14:53:56,N/A,830.--,N/A,112.61,N/A
2025-04-12 15:14:19,N/A,830.--,90.02,112.61,N/A
2025-04-12 15:30:35,N/A,830.--,90.02,112.61,N/A
2025-04-12 15:42:19,N/A,830.--,90.02,112.61,N/A
2025-04-12 15:52:53,N/A,830.--,N/A,112.61,N/A
2025-04-12 16:14:51,108.--,N/A,90.02,112.61,N/A
2025-04-12 16:37:17,N/A,N/A,90.02,112.61,N/A
2025-04-12 16:49:40,N/A,830.--,90.02,112.61,N/A
2025-04-12 17:00:03,N/A,830.--,90.02,112.61,N/A
2025-04-12 17:22:57,N/A,830.--,N/A,112.61,N/A
2025-04-12 17:37:05,N/A,N/A,N/A,112.61,N/A
2025-04-12 17:47:44,N/A,830.--,N/A,112.61,N/A
2025-04-12 17:58:13,N/A,830.--,N/A,112.61,N/A
2025-04-12 18:31:30,N/A,830.--,90.02,112.61,N/A
2025-04-12 18:47:06,N/A,830.--,90.02,112.61,N/A
2025-04-12 18:57:25,N/A,830.--,90.02,112.61,N/A
2025-04-12 19:18:03,N/A,830.--,90.02,112.61,N/A
2025-04-12 19:28:25,N/A,830.--,90.02,112.61,N/A
2025-04-12 19:39:37,N/A,N/A,N/A,112.61,N/A
2025-04-12 19:50:12,N/A,830.--,N/A,112.61,N/A
2025-04-12 20:07:53,N/A,N/A,N/A,112.61,38.55
2025-04-12 20:16:00,N/A,N/A,90.02,112.61,38.55
2025-04-12 20:28:23,N/A,790.19,N/A,112.61,N/A
2025-04-12 20:41:02,N/A,N/A,N/A,112.61,38.55
2025-04-12 20:51:42,N/A,N/A,90.02,112.61,N/A
2025-04-12 21:09:01,N/A,N/A,N/A,112.61,N/A
2025-04-12 21:26:25,N/A,790.19,N/A,112.61,N/A
2025-04-12 21:37:55,N/A,790.19,90.02,112.61,N/A
2025-04-12 21:48:33,N/A,790.19,90.02,112.61,N/A
2025-04-12 21:59:09,N/A,N/A,N/A,112.61,N/A
2025-04-12 22:23:53,N/A,790.19,N/A,112.41,N/A
2025-04-12 22:38:02,112.73,790.19,90.02,112.41,38.55
2025-04-12 22:48:42,N/A,N/A,90.02,N/A,N/A
2025-04-12 22:59:11,N/A,790.19,90.02,112.41,N/A
2025-04-12 23:25:33,N/A,790.19,90.02,112.41,N/A
2025-04-13 01:58:09,N/A,790.19,N/A,112.41,N/A
2025-04-13 04:09:17,N/A,790.19,90.02,112.41,N/A
2025-04-13 04:56:38,N/A,N/A,N/A,112.41,N/A
2025-04-13 05:24:48,N/A,830.--,N/A,112.41,N/A
2025-04-13 05:43:08,N/A,830.--,90.02,112.41,N/A
2025-04-13 05:53:35,N/A,N/A,N/A,104.--,N/A
2025-04-13 06:19:45,N/A,N/A,N/A,112.41,N/A
2025-04-13 06:42:28,N/A,830.--,90.02,112.41,N/A
2025-04-13 06:53:08,N/A,830.--,N/A,112.41,N/A
2025-04-13 07:12:44,N/A,830.--,N/A,112.41,N/A
2025-04-13 07:28:25,N/A,830.--,N/A,112.41,38.94
2025-04-13 07:39:11,N/A,830.--,N/A,112.41,N/A
